Puzzle01,Puzzle02,Puzzle03,Puzzle04,Puzzle05
1.21388861419,-0.786128982313,1.52203163947,1.71130329251,-0.286365329309
1.25202444116,0.612985310591,0.560175376854,1.62603052821,-0.583916692569
0.39211551591,1.14792585354,0.108570203823,-0.829333730281,-1.22822204733
1.05654733331,2.00480463116,0.586045451068,-1.40668819875,0.464088484149
0.504708440261,1.28853565032,0.16451530344,0.983919369372,-0.301889144941
2.64456386402,1.69586947723,0.981530086226,3.9246796499,-1.09988307237
0.484355855855,3.03454755769,-0.248593525971,0.845526199189,-2.30225696957
-0.608807326426,1.79621911112,-0.632268967504,-2.33592694572,-1.03598539419
-3.96986002899,1.9308710096,-0.532818196813,-0.164190285918,-1.90433941661
-2.62709148248,2.38217965187,-2.86235527667,2.17091674064,-0.75266517734
-2.4703732396,1.34661108473,-2.35140973841,0.944526131174,-2.24478999531
-1.84205470881,3.68001261193,-0.0162505329441,-0.429457328282,-2.31762178753
-2.18399263587,3.95412420903,1.080984704,0.853942016696,-2.36257888323
-3.98388139089,4.18499224171,0.225301463704,-0.911486500075,-1.5715824081
-3.49304398656,5.46119725393,-3.00603979732,-1.81822219126,-1.72422852622
-1.88514025073,4.23463375609,-4.53528594545,-0.727466600203,-2.9782178294
-1.57186026269,3.56647932753,-3.80346657515,1.62352570514,-1.70072660834
-0.243640513674,3.37091347894,-1.84823542401,0.526710630563,-2.75020433349
1.84576019684,2.97592336742,-2.55322935131,-0.673171605786,-0.993969920816
0.990372994471,3.11366571705,-2.77682095926,-0.532297389784,-1.5630519644
-0.408544598757,1.16702440193,-2.96234674901,-1.9003408301,0.0155904758431
1.1728046203,1.15275716588,-3.30977780034,0.0888470266496,-2.91864119555
0.429366622912,0.736297557263,-1.35013297477,0.955940152826,-2.28845950969
0.318489864475,-0.658476265099,0.278113117337,-0.669823506795,-2.82421941351
-0.338790357537,-1.41917236994,0.202372450735,0.0992593259665,-1.5943246829
0.969517211406,-0.611390731606,0.85239873159,-0.923416625587,-1.08899843658
0.476243846787,0.254842631725,0.577036984276,1.2659122735,-0.738749600589
0.258161155733,2.58485733204,1.47217487759,0.339147658599,-2.60790190031
0.153233504625,2.92523419648,-0.142186923822,-1.45445578977,-2.12045316698
0.36603804007,4.51334734812,-3.0778410894,-0.109474968446,-3.62485934341
0.0296540969501,6.3553793459,-1.34006191198,0.722921984907,-3.07154511465
0.965250172621,7.95157582533,0.19262008497,0.983832614422,-0.687419682267
0.522352406341,9.0017215171,0.644495348733,-0.794802045485,-1.45425197652
-1.34483902193,7.53876916767,-0.203216081416,-1.01118376088,-0.518737038441
-1.33686630362,8.10450409708,-1.84895495704,1.35259322355,-2.75559293167
-1.75445874613,8.26085216116,-3.2003842999,1.95491728351,-0.988628135905
-0.79299126645,7.41311384128,-4.61820497375,0.889152407488,-1.5642646287
-2.46532933255,6.62343234681,-6.94861001857,-0.318089644903,-0.644127262286
-2.57122765516,7.45581072433,-8.0588333505,0.0600097226237,0.497771094564
-2.40790222913,7.3579276451,-8.04042737556,-0.211354015778,-1.33202858754
-0.127198698047,6.36940221848,-7.11347094,-1.80849054098,0.26626817208
0.973826088411,5.89884072599,-5.35134985042,1.31807434932,-1.72454678166
0.636568971255,5.20043630916,-2.13861206251,0.599290026984,-1.0157993284
0.525585436803,5.31638141813,-0.827222353656,1.85821661689,-0.00493646237701
-0.225815480827,3.61350714537,-2.23491637908,-1.27771826195,-0.179607721285
-1.13034058632,1.78229687914,-3.45899192218,-0.950965032173,-0.0610793975931
-1.65468329349,-0.0276834082622,-1.75354466781,-2.77381955478,-2.32344860202
-3.25527136402,1.08530544839,-0.455769332344,1.60056903956,-1.30376908078
-3.77315277026,0.430707844147,0.287177080731,1.57941978358,-1.8463845162
-3.7068316675,-0.883023349118,0.579371800964,-0.897912923128,0.251749646159
-3.60825053364,-1.68731348876,-1.42317638507,-2.8982173883,-2.11482219083
-4.70614120891,-3.27044953646,-2.55249672205,-0.353080197078,-1.37020550871
-2.28641170965,-3.55423149083,-1.19581784263,3.5766471942,-0.676236949364
-3.92017053833,-5.74082576046,0.135613819483,0.204648781775,-0.920734271653
-3.11190941372,-6.80497589994,1.96341981421,-1.42942672971,-3.0174280646
-3.55934735201,-6.88803441051,1.8436528845,-0.0477973679574,-2.54478036715
-2.425925189,-4.10911417132,0.563813451724,0.250647493833,-1.75672237526
-3.06436415911,-2.98281761724,-0.240303562697,0.150169922021,-1.4259246032
-3.13340182311,-2.294505903,-1.60226039596,1.39902983313,-0.646033068772
-3.47223270763,-2.2729879317,-2.86091740666,1.68795605701,-0.700544890257
-2.68874991373,-1.88295324819,-2.87892082272,-0.624768378489,-1.72623208022
-2.42158188332,-2.41344847057,-3.2194491358,-0.0926646000595,0.26578409861
-1.01102537456,-1.95434089389,-2.36357123848,1.30940194665,0.977096982188
-1.99204843005,-0.114936514176,-1.15781054836,1.46208454174,-0.166452141646
-0.681190309318,1.08369691807,1.64836034889,-0.198728527984,0.0128136447788
1.2450644791,-0.107624253556,3.69522982128,1.43770260443,-1.31908790438
1.91460771331,-0.325226587153,4.67514226141,0.42546462534,-1.58343643955
1.69132610207,0.248336360579,5.07896001887,1.25930056799,-1.85358424989
2.77974826988,0.752322628359,4.5342903507,-2.06039991413,-1.05354595412
1.5184203651,1.96957506763,5.06800078316,0.42262009844,-1.03359354584
2.14030690174,2.24062615992,4.71058002379,0.681780347564,-0.114116645487
0.591454306938,1.82246468661,3.55503282313,1.52474833226,2.03123555417
-0.653604275893,1.11027168179,0.389705656655,-1.95404844497,0.835109889902
-1.85791141333,1.03390257061,-2.39698806256,-0.112332602648,1.63743855554
-1.66272803487,1.92113738584,-3.81111045794,1.89081251825,1.95745797978
-0.50800012636,0.364566165205,-2.89964546954,-0.0793276633484,0.828765972338
-1.68468459032,-1.6912849614,-2.28431678877,-0.447472466542,-0.0189933645262
-0.448713274459,-0.706476512393,-1.04615722986,0.231460895098,1.07716468987
0.839018267625,-0.490440610476,-0.127852889883,-0.27700274915,-0.804721840584
1.31552781266,-1.73147018784,-1.59810097983,-3.67648468792,1.41400184813
2.88747675838,-1.39441866384,-1.81783841957,0.686823643834,1.59466488249
3.65745165316,-0.0502829475921,-2.28916641564,2.13143334054,0.0242039697676
4.10618454933,0.300848924938,-2.31243286719,0.774103168324,0.0566407385437
2.66180172755,0.997730208519,-1.7041524746,-2.77188911851,-0.255433436802
1.74101648645,0.442703396205,-1.23172513289,-0.857644781025,-0.0848481878049
1.52950852358,0.360775775392,-0.326821473437,0.562932003084,1.04669631786
1.01682883147,0.0323667067519,0.295519029761,0.843935709209,-0.837231963082
1.0487374874,0.370451997866,-2.41812285801,0.984829705064,-2.82033503732
0.994291014665,0.909242781914,-5.30377642518,0.580159289581,0.0190370287862
0.678303782134,0.577001675064,-4.77596001708,-2.30987705955,-2.26768903569
-0.619835566871,-0.767475050593,-4.96256022803,-0.971454064805,1.20284492638
-0.607455454937,-2.39772497438,-3.33047081574,2.98067016203,-1.47893062407
-0.787835303743,-3.60582066522,-1.65834709629,3.91541198407,2.12516957564
-1.84760902248,-4.9759634328,-0.821421892726,0.905161225641,0.159473273936
-2.06233465953,-4.71779930984,0.292607371646,-3.28994308051,-0.804776215564
-2.63655863621,-4.46971282001,1.26953240338,-3.16133961376,0.323765127943
-1.01335396238,-3.09618097618,4.03435712665,1.34659884409,0.10043766933
1.04254117426,-3.60909386578,3.27482190364,2.56304293152,-1.43578242708
0.282900364374,-3.25509759635,0.681274926309,-0.12797924523,0.0107263298471
1.00394773194,-2.47412000847,-2.243461635,-1.26351034822,-3.18469536648
-1.37976148547,-0.583350382447,-2.68382426332,0.601643630618,-2.01796149699
0.573883357098,0.211634736459,-0.344111812092,1.27108263079,-2.65823791526
-0.883486485566,1.03245821367,-0.771799819774,-1.3533886518,-3.22865350272
-1.51372661629,2.12179184403,-2.00206208095,-2.08577494932,-1.47957529722
-1.88343423307,1.7096491391,-2.39613955854,-0.138289248346,-2.73160795051
-1.82606722409,3.4558686881,-3.14876873581,1.61173234293,-1.5135948056
-0.917968057373,3.77184611434,-2.52385179498,2.28049582884,-3.77774274891
-0.437202611292,2.13077956282,-3.61092708515,0.10716116975,-2.03427414451
-0.356086365426,1.77127694105,-3.0290236444,-0.296130779633,-3.10369172692
0.343823794336,0.389476802316,-1.41474171415,-1.00075437647,-2.60960897068
-0.169990230083,-1.48727809837,-1.78599889585,-0.911434914332,-1.65068115822
0.121809107967,-3.40108687871,-1.98421161463,-1.15688228662,-2.20462061122
-3.21995654,-4.43681271467,-0.223321665138,1.16050799326,-3.2367716384
-2.59624585178,-5.19380469963,1.15899956142,1.63645759514,-1.90193813052
-3.26359363291,-5.44125047351,0.29701327595,-1.18912936985,-2.24725033573
-3.01721194493,-5.90452512796,-0.575093089656,-1.8776063134,-0.218972557658
-2.03180046975,-5.99927807735,-0.545322557548,-1.76208843927,-0.261292198864
-3.74695139788,-5.91042373196,-0.477420687665,1.36205232491,-0.313524047042
-2.81627946253,-7.65563444974,-0.488487751411,1.28790371213,-1.80702403054
-1.75547909852,-7.30666522941,-1.15655663454,0.447793478976,-2.29132504139
-0.794774854314,-7.27494097898,-0.405976525517,-3.01074517487,-1.63600441794
0.874077077345,-7.64043021615,-0.271487271852,-1.65499994856,-0.0844692445795
0.322627724699,-6.65826466878,0.925164425092,0.290235830765,-1.89471665773
1.36118923037,-6.02903533733,0.546200561587,0.0650876638024,-0.905316081806
0.802075108055,-7.34290727046,0.341168560191,0.381581106696,-1.1990353281
-1.07112695796,-5.37779034789,0.168066625804,2.1491561885,-1.3040105617
-1.29700781571,-5.81207953765,1.0528320258,0.454950227461,-3.17861341574
-2.14673362695,-7.53098207166,2.05684057362,-2.62430499899,-0.805938769069
-0.470559002156,-8.71192384699,2.80795583889,-2.16202652913,-1.858065095
-0.256990979349,-8.40700530055,3.4429618811,1.87172888674,-0.355998908762
-0.00126625870825,-7.27571771012,2.68767631706,0.427616068843,0.802015445784
-1.03358974689,-6.64625834956,0.672423805255,1.61432053222,-1.42983999101
-2.9875211271,-5.8138083501,-0.066302163439,0.493207319425,-0.0837911002689
-1.37766860911,-5.40719234902,0.835135153278,-0.33107754548,0.673925140264
-1.33019082847,-3.55407897508,-0.676725637914,0.391893517144,2.17338403476
-2.26321356011,-3.3969568151,0.318653861629,0.300751561776,-0.0285617470668
-0.257839793295,-2.23948360432,-0.522376843247,0.535821073784,0.413552723773
-0.443678403952,-1.70868727909,-2.9997927453,-0.447757794639,0.211063166582
-2.19618474568,-1.97307653497,-2.76218035216,1.90656646431,1.48327428183
-2.02581370064,-1.47317598791,-1.55423906673,0.0869926351593,-0.936924724256
-3.70547146564,-2.24058338194,-1.30752102087,-1.03334006654,2.10239480106
-2.46828631219,-3.19027573474,-4.31177023053,0.961467265481,1.35570749019
-4.48370858924,-3.15095781609,-4.94157223809,2.33174342129,-0.116030054493
-5.89837689956,-1.59104081445,-3.40469153978,0.214851686422,1.40251670027
-5.95709082134,0.233676970289,-1.47106610479,-0.213573284533,1.07064026965
-4.75484361258,1.64429653904,-0.822458990937,-0.195265789817,-1.38293166335
-2.90855219807,3.39403804984,-2.18823218775,-0.95380922359,0.612848259196
-1.52939223527,4.37792436242,-3.30188958113,0.225856836524,1.40071900882
-1.08433575015,5.79174278322,-3.9773047668,-0.0556519219084,1.04353966171
-1.66753833271,5.99493925586,-4.64288022939,2.25930806513,1.53532025886
-2.4144366355,4.69227463637,-3.39187595752,1.69871304165,0.942325711623
-1.68141321631,4.82083097503,-2.69210264813,-0.604109736671,-0.0616801542794
-1.91471392965,4.82300069494,-0.458537346481,-2.59785883173,0.555224292831
-2.90493357426,5.39983024634,0.717872164121,-0.576462965866,0.0773429666319
-2.45546119491,4.74190212266,1.09712170748,1.93133631721,2.57910894641
-2.94330495939,4.22163532165,1.50958257001,0.843717783731,1.21925131742
-2.74534246764,2.70870326886,3.13099657827,-2.01908760198,-0.914390026044
-2.37720974525,1.88799196575,2.77407325792,-1.654204618,0.935803903374
0.46970858627,1.02433281486,2.45717098025,1.43660808329,1.32667706122
0.236656832097,1.433657922,2.3918254004,2.43784561625,1.17267960387
-0.98795207336,0.212260148784,1.10253565577,-2.24126783821,-0.953743066117
-1.23961657441,0.0236803443312,2.04165635319,-1.6062441208,0.128288752379
0.213895202893,-0.140811611795,2.56267325898,-0.455421258673,0.187192934241
3.27700758124,0.715542085079,1.77405452046,1.45530535908,-1.76013063659
4.54299380266,1.80180479441,3.56295859961,-1.54195653108,-0.416462556909
4.44644131672,3.64954880998,4.8061624302,-0.631286123477,-1.08385430895
2.2237563266,1.74187910624,2.86778085333,-0.358362733016,-0.841269802648
4.19792465839,1.27931670452,2.23751827549,1.43446151547,-0.967375292601
4.22554626524,2.75554857776,2.50194725956,0.628784087304,0.0378506339378
5.28403890043,2.2288270799,4.32302989801,0.204788117174,-1.52669548436
4.31337044091,2.08618567122,3.17096169622,-0.567693491613,0.830892447616
2.39875796207,1.29522717573,2.88178545533,0.824979012842,-0.88408641148
2.42632459991,1.10295151299,3.56480400485,-0.442342245349,0.811791910086
2.15922214331,0.477196754023,3.56032415202,-0.211964551634,0.489199329921
1.68509458739,0.997167204264,3.43177081803,1.63586173818,0.617848744002
1.13320772335,2.00286380665,4.48967225438,0.732884607243,-0.198697847682
0.853546069288,2.83614084111,4.7866770468,-0.442633583654,0.294065943486
0.750012539899,1.7809285468,4.04750143504,0.735844571217,0.4955956251
1.8366716594,1.64821883905,2.87360476395,1.60852797206,-0.171181729904
1.42933268612,0.394798082391,0.915381738038,-1.24656208345,0.261572456377
-0.235144748851,-1.48754750563,2.02977147622,0.588200525056,-0.802578452092
-0.41001870328,-2.30468712481,3.8889365747,-0.841743085248,2.65401542944
-0.893085716136,-2.80544028327,1.91960921384,1.31877246388,-0.344468652526
-1.07491893671,-3.03485768244,0.375689044423,0.426868253445,-0.778278824618
-1.417360507,-3.55791922235,0.423838922169,-0.887442936535,1.88278130047
-0.641327447334,-5.04823796814,-0.421267253118,-1.28359738482,0.981479673871
-1.36660113741,-6.32046473263,-0.524958542657,0.185383643019,0.994445873849
0.44250872597,-6.59503998591,0.371004227663,1.16065242193,-1.13129869985
0.714032329558,-5.49105115737,-0.0126365492763,-0.0932837816013,-0.294614272221
1.32703375759,-3.84960362795,-0.43060022535,-0.719201384572,-0.873413191503
-0.204343762021,-3.10126442837,0.163349247599,-1.03788127269,0.379282738763
-1.53258228858,-2.51121254734,1.28174847447,-0.228221801775,0.959409889606
0.889257683089,-2.04656799565,1.23009192127,-0.727922730265,0.531806523907
-0.90474670247,-2.90283067009,1.49032225781,1.30096109736,-0.298631114495
0.322082537346,-2.52692685185,2.43365566014,2.30281771054,-0.0102564280727
-1.13753547274,-3.30124315452,1.09685676318,0.473037270597,0.920678545704
-0.0415974265938,-3.84968391251,-1.52676582149,-1.45943832428,0.711171371938
-0.401549645661,-5.54880757366,-3.57521201536,-0.369294996418,1.23439590635
-1.26608849177,-5.01351953833,-2.2252173963,2.71934311051,-0.708960797928
-2.36659257734,-4.0817870213,0.919869676865,1.26672744796,1.1415037334
-0.655847253203,-4.51501816943,1.3965814365,-0.279550233882,1.08347290181
0.0451583135998,-4.64828934214,-0.0103501452727,-0.207650192359,-0.251836563555
0.472310013771,-4.9600300865,-1.24122443781,1.27342069212,2.07830360762
0.133169055074,-6.21565960507,0.451847663962,-0.612602089725,2.2387504829
-0.210061823889,-5.08378332817,-0.131128666301,0.893298493812,1.06060963999
-0.568720759736,-4.05749166995,-1.35701584748,0.85291108775,-0.898777663943
-0.198168037224,-4.07253354522,0.199093066843,0.344232183389,1.14909168296
-0.217243677576,-3.33810305333,3.05740751289,-2.51608370001,0.0417547092337
1.86996700566,-2.70472903274,4.08549370804,-0.176240846248,1.18601489588
1.66591316944,-1.98810172908,3.27661842468,2.93646500603,0.647019743511
0.588336582205,-2.09354927707,1.3451465324,-0.587040255741,2.10396901258
-0.319556389201,-2.3880411257,1.57318467962,-1.29640996305,0.678542214146
0.0902169692338,-0.734195707216,0.930346562867,-0.071207890055,0.234168990979
2.79889210595,0.338016622101,-0.771007527499,1.64253265917,-0.10410295098
2.51699120515,1.2803214261,-1.85727030864,-1.86895810119,0.924364239971
0.00636220655713,1.18155852876,-0.853430145306,0.066405737819,-1.77070565204
-0.243554915319,1.30611434178,1.72729951578,3.05735883656,0.596836555062
-0.189653099576,0.781900687348,2.45005154029,-0.235152325742,0.71528358174
-0.21536684757,0.578711203023,3.19768715077,-3.03503882321,-0.0835709821082
-0.588524190854,-0.96311597657,3.93671968627,0.263210173254,-0.201575374074
-0.511218420096,-1.62902602952,3.52681082259,0.905686356563,-0.454382138767
0.949320226871,-2.91373996395,2.8080137247,1.04545294919,0.714012773399
1.28748003675,-2.98902435636,1.60995384038,-1.16760870988,0.377742097609
0.113300304917,-2.94316983126,-0.189427445084,-1.22163048877,-0.239406772663
1.66019830634,-4.65187987887,-0.691436973362,-1.29589083207,0.631844487016
0.233499000867,-3.75525158437,-0.333888782001,1.28680267946,3.13653038125
0.190117633533,-3.29360734303,-0.816568087524,0.635797646642,1.83871296892
-1.58668990212,-4.47702297715,-0.334589473325,-1.63373113546,3.15291181369
-3.29925381358,-5.05461485827,0.304890592279,-1.28253421835,1.64341694078
-1.78404088292,-4.26440810897,-0.631727889536,0.815278976427,3.30100936772
-2.01345849731,-4.23936018007,-2.59877620918,0.477217191722,2.03743115028
-1.98511293687,-4.13864107446,-1.47533762456,-0.0859792915722,3.04666916833
-1.29854043787,-4.30686073975,-0.0499731973554,-0.13254089068,1.26252704143
-0.525118631102,-2.97163158615,-0.474422881835,-0.5417562432,2.23498594105
-0.688915832588,-0.604768232571,0.547814920777,-1.13264858975,2.06276680435
-0.35142919659,-0.924076665275,0.13226463711,1.23943603168,2.62641417656
-0.966007172973,-1.95001296937,-2.34613724627,1.18682046326,2.06518932823
-0.674211671212,-3.64850643522,-4.38989538281,0.664242792297,1.7198792392
0.182116149729,-0.927119862355,-5.88073671694,-1.4080237506,2.61947270328
0.589693309582,-0.221527567702,-6.44061110526,0.132347972564,1.44437619916
1.44803283746,-1.30721230866,-5.72807911002,1.41216291739,1.685172352
0.736381674872,-0.629853324126,-5.14965774708,0.362674604254,2.00469070294
2.91087357068,0.0112177910296,-3.67237916547,-1.28893685039,0.922382921359
2.87339120566,0.492632420556,-0.89315937999,-0.575781029813,1.46757344642
2.8113018047,2.0250941435,0.919253896131,3.13297262389,0.46379460923
1.20605953337,2.87266435751,-0.95686976346,1.44673686226,2.62080945029
0.37849193317,2.96179270148,-2.55662950114,-2.35051138761,0.886303190901
0.841502684449,3.42280733292,-4.4822767804,-1.53004809839,1.2897859415
-0.622798692247,3.22678162466,-5.47812708386,1.24126745742,1.22900360656
-1.91774061432,2.73307391976,-5.10014846328,1.17193820683,1.22815065914
-0.0160019078862,1.79964956937,-4.20633244868,-1.74077173337,1.72291817034
1.3817909023,2.66500832958,-3.44211721525,0.462438830709,1.35121048578
1.34391574424,2.65136135734,-1.41187735634,2.26548330946,1.22733975804
-0.316610244695,2.52969352882,-0.0041363409563,-1.27461364625,1.33698505152
1.29162938109,3.4651431309,1.06060383327,-2.28312778245,1.15691965984
0.158755801845,4.43402851511,0.993275506131,-0.403592833046,0.937641871571
0.9199259568,3.3815315875,0.72904286189,1.68173656526,1.58540208917
-1.41346464286,3.30249238327,1.56737622579,1.7194195692,1.35380665439
-3.39257224627,2.98605601747,0.228180406711,0.0334314722359,-0.522231151131
-2.09797251155,2.39771024555,0.723701222398,-0.513734142655,1.80593355608
-3.42812787682,1.85694266694,0.237799372926,-2.69793321002,0.0567548577231
-1.48892849672,2.85077878038,-0.500641227173,1.93247058091,1.13486947273
-1.01602910036,1.22106924892,-1.16322669846,3.56749402926,-1.27923525364
-0.552637899152,2.14730859052,-2.00882907741,0.505469162657,0.535567803971
-0.0587561942275,0.443815022736,-2.13185332347,-3.23437152062,-0.12817152003
-0.149104755609,-0.196699489459,-1.92164444595,-0.0510372935316,0.590301024423
-0.97006126101,1.05316842606,-1.34273526064,3.22379088969,1.12389455191
-0.152489520222,1.07563741637,-1.38928280247,0.272806367281,0.467688172516
0.970713954876,0.558175562731,-2.79952326977,-0.518455583983,2.73446061684
0.348360742385,1.29960264186,-3.13802066242,1.02421814479,1.21592871182
0.542019255079,2.6435651579,-0.995676319265,1.36063180421,1.15612936706
0.237908291164,3.24255801181,-1.28727149506,-1.03884521634,2.52465351271
-0.0600598787086,3.23415283004,-1.97057028823,1.09228925722,0.938083712627
1.13809345525,3.35914355266,0.167872136898,0.857794793269,1.54254644961
0.579642188126,3.28382936012,1.32019839568,-0.0210755913953,1.52142635575
-0.12852033687,3.93092153653,-0.229280357276,-0.20867711668,0.843712141009
-0.372165424164,3.84055183486,0.630596010349,0.925911511145,3.52456353318
-1.60679299644,3.7946730822,2.05940064088,1.41270983551,1.37446376305
-1.76085373537,2.29966239357,1.4032351072,0.895067215551,1.02901184916
-1.94395863922,1.49909583374,-0.653510726398,-0.00272630672979,-0.190424982576
-0.713011824622,1.12523388043,-0.770443611155,-1.26603835841,1.11583073335
-0.325245324312,0.591528055504,2.47260919515,-0.165219928796,0.889966494797
-1.81992874452,0.626726653591,1.25552630264,1.51768429289,0.450928941125
-0.85231032425,0.485081723548,-0.00898793297237,0.652372919427,0.116876690435
-0.880154821581,-1.3739534058,-1.40200057844,-0.499019844422,1.59516749474
-0.807706308017,-1.31540683051,-2.85297504168,-0.773737797735,1.30933472807
-0.706065221474,-3.15763107687,-3.70536429946,-0.458048029865,1.20710310067
-0.329893614653,-3.51033416452,-3.29820402297,0.417053087437,0.984504059521
-1.68677411115,-1.69443931885,-2.94283459333,-0.717349124409,0.603704264667
-0.98297790432,-2.22563121052,-2.11016396212,-0.717467758414,1.94296987776
-0.540967602061,-2.64176909013,-0.895495607822,-0.360510280409,1.85899736642
-0.0692698754633,-3.17307916782,-0.135217584827,-0.285248381989,0.416545617174
-0.728567040726,-4.70287062048,0.622532124769,0.080905555959,-0.457671812512
0.173077319509,-6.18501088467,0.57078188576,-0.741364495168,0.675435652514
-0.512495570668,-6.73722502305,0.666280282877,0.0750116974621,-1.0904091559
-0.0136596937758,-7.6962904406,-0.762721839718,-1.25059247592,1.58180533312
0.787021297873,-7.18276106451,0.411254253654,-0.0782654532644,1.18190721926
0.675595657687,-5.9007956259,2.36853274233,0.187528542055,-0.271530353357
0.912844477196,-4.46193731942,2.98465897182,1.79722699942,-0.41666708209
-0.226816063439,-4.30502411294,2.2565068404,-0.995175445916,2.56443599967
1.37615966752,-3.41241013457,2.26649880126,0.435576971416,-0.685385604544
1.58141205993,-2.7234470789,2.83381791262,-1.06722340965,-0.807337444712
2.26447981465,-1.22294646469,3.79573793585,0.192969126537,1.36598144106
1.80102274131,-1.46388745164,5.27909346204,1.11791592228,-1.02200551945
0.577358065685,-1.4881056834,7.15560182156,2.19166165213,0.686955453183
0.47281465431,-1.4819850969,6.15007321116,1.1556576175,-1.06223114936
0.217818316465,-1.75727560642,4.10730850028,-1.16211604096,0.315826261671
0.472803199388,-1.07457782674,2.85165757861,-1.94755157669,0.90603693874
1.80524734072,-0.591104737612,2.22966583,0.617163034031,1.03272613608
1.15505137562,-0.380893751426,0.669263594107,3.9340816837,-0.264459210234
1.54082937335,0.806167938552,-0.259764682784,0.721449721979,1.93621631177
-0.205951346618,2.41692980578,-0.474565933046,-1.05477484264,0.378599261521
-1.06926591267,3.06193727326,-1.99088429793,-1.85386790983,-0.853613803696
0.135118763566,2.33206828811,-1.72728207278,0.23962451324,0.859653244293
0.254100005205,3.11077017485,-0.941770015578,0.0672216855144,1.34042841873
0.501475016238,2.63724457169,0.357651980509,1.08739488052,0.350824983351
-1.26100086549,1.62732024569,1.22503803313,-0.583904798919,-1.21340500376
-1.77637236955,-0.0958310709171,2.24487389918,-0.627907123514,0.634414060555
-3.03733158679,-1.55422301844,2.04300168739,-0.947531561777,-0.668051265021
-2.24010510156,-2.05622874018,1.19895894823,-0.264195886282,-0.279415556246
-0.4635481037,-2.3858988139,0.132406494579,-1.07090233348,0.431140823568
-0.918747771107,-1.23168210065,0.254931995667,0.804690623699,-0.746788620338
-1.43798344455,-2.02826626003,-0.509904507882,-0.435036534604,-1.39026331208
-1.58668980475,-1.53378273522,0.0355609422336,0.528665981688,0.708203536774
-3.2955971343,-1.54017001494,-0.0735674088345,-0.878751288205,-0.43662836051
-3.14792382924,-1.11015812666,-0.224826554865,0.90517284308,-1.29119551762
-1.58434388231,0.903908232043,1.84480288523,-1.30345007527,-0.220890986469
-0.417001992575,0.135086245111,3.97986884196,-1.06096517328,-0.360479189778
-0.0510275244936,0.0111749391578,3.95466630833,-0.591743244,-2.36536497061
0.919829277181,-1.01025239288,3.98087466145,0.538389056642,-1.60934246691
1.64910404664,-2.01723233439,4.1637272389,0.134663970403,0.223560657567
1.96409033457,-2.02664318799,3.60062643546,-0.465248977652,-0.309802774988
1.32637035833,-3.28832585939,3.34775484468,-0.277691731913,0.0526360844696
0.601327624925,-5.09367729122,3.62272761157,0.190454200827,0.992660305625
-0.342085974741,-5.89049109753,4.52531057315,-0.550524267461,0.623557320049
0.44080860272,-5.91043556226,4.40257300049,0.0874766211132,0.52678546982
0.854434598729,-7.20820234241,2.84844104578,-1.77263164128,-0.0560215928319
1.059814239,-8.08687641148,1.44491549619,0.200343511318,2.32699475349
-0.019735704283,-6.57872514877,1.84779559963,1.24373002024,-0.103741590434
-1.53316373149,-6.79525890252,3.52537413826,1.35717694576,0.716234744303
-1.169176223,-8.40196741311,2.26198312393,-0.802836067995,2.48679783902
-3.18424776977,-7.55173341365,1.68157236169,-2.11090457019,2.58173029586
-0.92952328986,-8.32299484761,2.41592825268,0.121733641214,1.08290725235
-0.59597537311,-9.04638170421,3.36249653863,1.57206414703,0.830702618292
-0.796038903417,-9.15360225854,3.1691163496,1.43348896601,2.97061846669
0.0816910830892,-7.21819192622,3.33641838171,-0.829538478892,-0.944741467985
1.03429135175,-6.01757846612,3.0790365866,-0.547574467962,0.890196299964
0.156895965533,-4.91621392879,1.97409502686,1.12095196433,2.31042238373
-0.160359418984,-3.86563125987,1.7083941465,0.942373628088,1.15808405807
0.468516257773,-3.37252997682,2.09006204285,0.246118351925,0.207877779806
1.00048916518,-3.91027928311,-0.0582761708962,-0.336627656531,0.959186479381
2.03795371552,-3.19005517585,-1.32227669908,1.13117195482,1.48712262874
1.25414009201,-4.00665150862,-3.09382736693,0.0221479608955,2.36533582957
1.33170920608,-4.32875082117,-4.38101913223,0.720051264602,0.813702829864
-0.506489643522,-6.94103947728,-3.66155199499,0.0133023115402,-0.617389283514
-1.65970331489,-7.42316274647,-2.61925893122,-1.65170179776,-0.0861881278527
-1.66103775162,-6.32165289091,-3.11216573762,0.203442434688,-0.648203522738
-1.69050184089,-5.9386044368,-4.15143985768,2.54721459062,-0.100860402623
-1.95427778052,-6.68117469407,-3.4103316856,-0.122916325676,0.457442550791
-1.76462841423,-5.02293291308,-2.27327563611,-0.676507414083,-0.816654888067
-1.35745724363,-5.04303494949,-0.559008465763,-0.505934864224,-0.175106214002
-1.40107461899,-2.96150817293,0.963139731998,0.705009822256,-0.694894626448
-0.133942117796,-5.38679922415,0.459736632495,1.09468718985,-0.328308997787
-0.0273912860541,-3.03914708272,-1.16109010624,-0.902075344555,-2.43636904874
-0.691895043076,-0.758429497637,-3.2428022675,-0.837875035835,1.21539717502
-3.61273202109,-0.668997970472,-3.01507837616,-0.0989533536253,-0.293413163335
-2.92876735553,-0.814060593819,-2.34383756906,1.94549651031,-0.15878464241
-3.64396326951,-0.0140656169344,-2.71892928503,0.257274395253,-1.52185228956
-2.91343839767,-0.332170450368,-2.76129142456,-0.435928141953,0.0169816551512
-4.75971910001,0.16140546762,-3.40222341049,-0.806380280402,-0.218772545356
-3.76549399183,-0.792173091052,-2.95466733571,-0.721244612233,-0.0507635053738
-3.61726303498,-3.26648450252,-2.18583426889,0.470417867352,-0.537379599137
-2.68483270464,-4.64573607906,-2.37740839332,-1.19093189768,0.495082191373
0.0411750294908,-4.34809704026,-2.93244422321,1.59846405568,2.29580818197
0.0652849367149,-4.10130200418,-3.18710147844,0.513409703567,-0.147091438652
1.13514182014,-2.95211742132,-3.03383786177,1.33905542337,0.515049814187
0.946752506856,-2.4518786168,-4.31500774103,-0.592335781657,0.968129387172
0.0688192890154,0.290274079115,-4.15780102133,-1.95043442748,2.01380373258
0.513392885695,-0.0669948307493,-1.57802900082,-0.511601560084,1.87347614515
0.976581284517,0.584641670041,-1.51378544961,1.97102912884,0.946570834968
0.571639142966,1.09647622563,0.0940184117062,0.9282077982,0.0380069430869
-0.622336044412,0.502095351143,1.84445948634,-0.617297782144,1.76036552402
-1.87034696712,0.391738135652,2.80794367451,-0.310636633193,0.373931047979
-1.32484732396,1.7663385832,2.09682595399,2.16697452204,-0.285438843193
-0.863884611373,1.96820175446,1.45810352282,-1.81848753808,1.1539582586
-0.850969578355,2.37556272994,-1.20257275687,-1.15760806361,-0.395414556783
-0.316537193856,4.27930945229,-1.89500225872,0.854418869519,-0.479386338322
1.80013282843,3.0071369266,-0.296796176677,1.39280148429,-1.02586956103
3.82411668392,2.35369860088,1.32095673453,-0.966837479046,-1.61633370147
1.23741678142,1.45494188441,1.39041282757,-1.57366296106,-1.7412990443
1.3186230672,-0.0727252568316,2.61996521946,1.91551576014,-0.542086322362
-0.2519150092,-0.194360264914,2.09940536396,3.76637859235,-1.71225721463
-0.121216470876,-0.624933713008,2.9962468491,-0.237857679721,-0.902830691728
-1.85266041221,0.774296843419,3.42560290235,-1.73893671378,0.0360863851527
0.341200092468,2.39389833458,3.30353563099,0.693425770508,-0.310481449595
-0.240121825357,2.7330331657,4.18532943427,2.18296096432,0.156352609743
-1.83108221162,1.50647220326,4.75133260294,1.45338040111,-0.587401034797
0.306666902274,0.461036684062,2.99907459742,-0.0338646488661,-0.159556544125
0.0693883914163,0.136864192102,0.754583773855,0.681268132854,-0.720687006614
0.506596755648,-0.0469569932339,0.845643876481,1.61865884045,1.72379659421
-0.270567343721,-1.52507479049,0.832452710218,0.32933413167,-0.852847852821
2.05035774699,-1.4890446557,0.372568182739,-0.853497774357,-0.423630086132
0.625309159344,0.162949464145,1.42580827114,-0.720654295671,0.150909104154
0.352907940431,2.23878574444,2.76393056089,1.64243112785,-0.338458892586
-0.238020827193,2.54505113725,2.21906469801,1.54125516732,-1.09621391256
1.12021361141,3.08018102429,2.98388111872,0.556409346316,0.0746963570287
0.057231140725,4.38817694499,3.66195931245,-0.563406393325,-1.29429784222
-0.154491722951,5.22178725694,3.51792638356,-0.49473950102,1.20767961725
0.184264763889,4.27882651475,3.98841229818,-0.395593088255,-0.428754535467
0.44744881217,2.61674460359,4.745795154,-0.292937758646,1.03694800796
-2.52960827635,0.527565018711,4.81995155573,-0.323348900997,-1.32438363069
-2.48807503688,-0.164285749694,4.83949696569,1.83017349986,-0.144187496375
-2.2370402509,0.918183368073,3.82900478008,-0.256518769473,1.01553885646
-1.66570181635,-0.745048199384,2.94471611401,-0.622715933484,0.704017751808
-1.13404734197,1.18457401866,0.763126937234,-0.730817866171,-1.07229545049
-2.20492847635,2.39685859181,0.00895183539076,-1.23280099499,1.81139175783
-1.51551381859,2.75436272823,-1.68651224425,0.740449252004,-0.822251602234
-2.34127643127,3.11843786194,-1.63817679616,0.417665826776,1.84470656196
-1.51893665449,3.75953142579,-2.1677939474,-0.0715047317419,1.63092327626
-1.37661938925,5.48628610254,-2.81519373405,-0.952707851484,3.46030648716
-0.718247951848,6.56576320816,-2.88767174371,1.57272035885,2.14540368014
-1.5186550476,6.97029740348,-2.85913579798,-1.04108521108,2.98338612183
-1.44548501658,7.12576275027,-2.48596337926,-1.7211730297,3.07068894077
-1.07446443973,6.35655157289,-1.58143830404,-0.635754295912,2.49076972122
-0.759936232854,6.37700015907,-0.285747270951,2.56054353286,1.41268547246
-0.728312345159,5.05564003337,0.374669080505,-0.965915538063,1.56746839295
-1.00543825705,3.27472354608,0.384469253841,-1.81072938613,2.52649854267
-0.706169875218,2.99936299512,0.466335512472,-1.35945115917,3.70265125663
-1.59765288986,2.56338282774,0.084456020318,0.112307788854,0.989379016381
-0.215256400616,3.27878597532,0.526059414984,-0.641779255259,-0.0815166731093
-0.962755412713,3.07835528873,0.377970384053,0.173979251565,2.76119719208
-0.0305220641476,1.17479478627,0.601585437716,-0.189397141506,1.2691539479
1.00882012725,1.34080988591,-0.284951657828,-1.07301008642,2.32178941726
1.0808955025,0.618311272192,-0.655515616622,0.0819450223848,1.20637452343
-0.624909790629,0.906567089935,-0.846694174196,-0.580452895063,2.31263699085
-1.36633517082,0.50518714528,0.388979609683,-0.999998390179,0.834630766402
-1.25475190413,1.15607946555,3.37513771321,1.27051531584,2.34096316867
-0.807815723165,1.73764832618,5.14978826846,2.23388736144,2.56503050327
-0.907866103472,1.71898853788,3.5221069015,-1.36230115039,0.783151738483
-1.65660926228,2.33731925656,1.08960312424,-1.60077185164,-0.666679584931
-1.5042359997,2.16327878016,-1.24143167747,2.00652223092,2.42801719222
-3.30740306772,1.65095491626,-1.94319014391,1.38034871253,-0.0116378714122
-3.15852666619,1.20669324651,-1.49641598027,0.163672340678,0.103018745167
-2.22270781979,-0.786088731494,-2.4438855295,0.07647496448,1.79553613845
-1.78173151717,-1.19018915455,-3.38989940328,-0.32504575375,1.49225218923
-0.4157849685,-2.87261182057,-2.38926394363,-0.63108467493,4.17985035839
0.261781501049,-3.78388173391,-1.66473276104,1.51661472342,2.36289862236
1.23539131856,-3.79877868204,-0.620997438318,1.43504849391,2.04195981673
0.661300354829,-4.07474082025,0.991333758052,-2.08345340268,1.53838641269
0.180538237567,-3.32112277807,2.02874505944,-1.56062794524,1.85922764242
0.267996828326,-2.28061209383,3.03832177629,1.03134042399,1.23613823277
0.603615325468,-1.95631772404,1.72512607557,1.04878700754,1.86831072809
0.342675291799,-2.27340921969,-0.394665081352,-1.27602677989,2.31526696836
-0.526153307781,-2.61888231986,0.13986946881,-1.51352546685,3.7205173498
-1.13650476965,-2.50910094997,1.54798712063,0.289493489236,2.4237191931
-0.377549520841,-0.267943394479,0.160958942297,-0.753915629006,2.30969657462
0.426273183144,-0.17475428372,-0.378305008583,-0.828376628053,0.318280813874
0.856716714762,1.95355448552,0.378151620564,0.478284755487,2.45265499939
-0.371464131538,3.91525416241,1.07504103588,0.947124355617,2.10308357144
-0.183466308389,4.48623010544,1.17245977759,-0.948145164733,1.91981529543
-0.250112536439,5.60054905339,-0.698805885121,-2.02293222964,1.46540504412
-1.80257466078,6.08742947601,0.302028841781,0.182467365399,1.65828402558
-1.16976378701,6.08190740918,0.889973848996,1.49532214565,2.29953955863
-0.661230024997,5.33208242138,-0.519654309237,-0.568786774033,0.898072196406
-1.21968608132,4.75055915984,-2.58307995794,-3.28393244583,2.56974154586
-1.91364405501,5.97980980988,-3.80736405249,-0.4454213014,1.85122508983
0.00887077067477,5.95990457493,-3.99579396116,3.23748112672,2.68609183306
1.93176949918,6.47166223913,-3.82512867964,1.29178509943,2.71494925876
1.18809683137,6.92933995664,-3.50447437788,-1.76754457802,1.58342532978
1.19137025777,7.83622928634,-2.09538103337,-1.21512062418,1.61236743133
-0.566535220348,7.25447236734,-2.37954217543,0.946729797644,2.08589933945
-1.00694837039,6.98969246513,-2.15796625892,-0.377966934616,0.713540296982
0.369174498546,6.06026154518,-1.84847209948,-0.496500962871,0.871142647165
0.0144271023986,6.68751879646,-0.786595663595,1.90389009934,1.71309849491
0.520613604904,6.93404967816,0.269858662086,2.13183110149,1.81423731474
1.70680632939,4.87019648221,0.388725385274,1.38024298366,0.717506741319
1.78045288283,4.59727515961,-0.680012914825,-0.834354559457,2.17950587686
0.703545477378,4.35304522083,-0.976281335593,-1.19956929187,1.60273342031
0.619700224299,2.26449762696,-0.611934460274,0.934906257226,1.23811400373
-0.186845140129,0.851686395996,-0.603648579459,1.93476418501,1.32679573768
0.535153027769,0.910917804119,-1.44139255853,2.40184730459,1.42081866039
-1.93616890854,1.37193050409,-3.01992561897,-0.829508067132,1.46443374077
-2.89291913165,1.00104181006,-2.39274712296,-0.641256774422,-0.47192833969
-1.21890976139,1.99980978071,-3.12498390705,0.0325648391107,0.502813682424
-1.94160370702,0.0625343908253,-3.9887110001,1.22923510158,1.05251656946
-2.15096103831,-0.493240499215,-2.65571779196,0.424570752625,0.438806709202
-1.34130136809,-1.01592062998,0.0553654408501,-0.351243137238,0.97383502305
-0.226772174324,-3.22698281864,1.79611566525,-0.701292612045,2.47279069414
-0.38153550387,-2.92524367714,2.78224904261,-0.558313279501,1.78378723723
0.745920345372,-2.91546506871,2.56441871248,-0.090882207169,1.39942564452
0.113445022027,-4.67913399288,1.80835959573,0.828670703501,2.21665381256
-0.799164567534,-4.86884007752,2.85232173433,-0.872972332271,0.118229078881
0.0845611984381,-4.94118512512,2.47667056286,-2.23143911265,2.07473458851
0.381125970595,-5.90980200475,1.55926494394,-2.01132424939,1.12408776032
-0.109327786354,-6.10360550159,0.779194203747,1.88290354117,0.0292636608894
1.52133915133,-5.67160936458,-0.979425988433,1.37189451641,-0.39791590396
0.201088245639,-4.59287273971,-3.26262686119,0.194861621612,2.32883008993
2.06316413527,-4.56368062901,-2.95113255197,-1.66278060587,1.10826337213
-0.355803319917,-5.28679233612,-1.98785016813,-0.203128826562,-0.2673505713
-1.2603453586,-4.44727813723,-2.51789576208,-0.21503815054,-0.32747979398
0.157353870791,-3.21889303678,-3.61796337027,1.824723558,-0.0159681878711
-1.26143502521,-2.03809359538,-3.80967946,-1.59100823101,0.038965539229
-0.888473139106,-1.99580278239,-2.03675754159,1.53944982608,-0.0376002294578
-1.13796310279,-3.35666834783,-1.36991421441,0.368103442391,0.827483371712
-1.47991536711,-3.26493790197,-1.36980714545,-0.155207286119,0.207672010303
-1.00176948041,-3.82478199445,-1.50949438939,-1.75710632078,2.46140880944
-1.59840914763,-3.91541579695,-0.0574855418517,0.28235418934,-0.00527638088928
-0.912803146622,-4.08089037448,0.74470901009,0.0215806383473,-0.0314020589782
-1.33652444288,-4.99500401659,1.864190988,-1.50320185749,1.27366563169
-1.3518921887,-5.00696091196,0.745788327432,0.637802429641,1.43844669997
-1.37733074065,-6.17780957439,-1.64588778761,0.947485661406,0.932240105404
-1.51635835173,-5.94565187664,-0.595431609483,0.302839821731,-0.788968662663
-0.210238310699,-5.04512011531,0.19914308876,-0.318867525067,1.03593182566
0.323399207519,-5.95176253258,-0.7057985492,-1.21455516432,1.0108008341
2.25138324002,-6.18805430179,-0.52233520908,-0.701129323011,2.48331272723
2.11307954898,-7.72224801329,-0.0874416730439,1.54593403481,-0.0200744239118
1.89353714361,-9.24912743931,-1.2900583838,1.61214665198,2.96667544799
0.541530292338,-7.70112973871,-0.671514621685,1.72804127787,-0.802891002664
1.77928563402,-6.8689939835,0.118741696252,0.412608228057,1.60608574841
1.74992387474,-8.07932921632,-0.00982647040563,-0.343123924496,1.06940003773
1.82454428356,-7.46682828567,0.151721565353,-0.142427800499,3.04462611113
0.512012386857,-8.31655895025,1.55013698783,1.43710699312,0.997000188627
1.80473979657,-7.53494528703,2.9729882595,0.0692838888119,4.31277627047
0.657861713802,-7.398667726,0.613453940883,-0.828957439567,2.36479164544
0.114305561156,-7.17696625779,-0.0688508551659,1.78326550889,2.32426136998
0.153345417087,-6.93100764596,-0.0191434883293,2.01423159131,0.69954089736
0.901725441363,-6.99876755051,-0.0861723167473,-0.706920888038,0.579078914919
2.17476818349,-5.45164776653,0.272535312772,-1.84422165139,0.0997264416208
0.850741120411,-5.97370647074,-1.29125615955,1.84334411659,0.594431438284
0.636936861534,-4.97600389528,-1.95384315198,0.434456706876,2.17122871567
0.64569691135,-6.24141666467,-0.0789304354763,-2.15282460832,2.14737799506
-0.392301316909,-5.55693737993,0.785220844397,-0.532932716936,1.87325116965
-1.65065064509,-5.35712069361,0.224082438908,3.37947932827,1.5122639142
-1.29193484255,-4.52812374475,0.852420226566,1.83341057963,0.11618907439
-0.949438112855,-5.57727135715,1.97991373336,-2.15685522056,0.875250660186
0.927050811938,-4.81402550216,2.60475611017,-2.95510818012,0.867090317493
-0.851250224913,-4.17924696376,2.97135107639,-0.746778491813,0.615568838846
-1.6547488942,-1.89037631994,0.313888643553,1.5643457895,-0.463378785406
-0.719960427992,-2.03862246159,-2.45008696565,3.95778896288,0.72618779859
-0.205140573067,-0.545126224522,-3.51664580689,-0.0132128603918,0.779550273813
1.49864775696,-1.20698815091,-3.6982716833,-3.69653281523,0.0968172191718
2.72278230245,-2.09372871239,-3.29358341988,-0.968403953269,0.55504207232
2.56938593071,-4.08759326746,-1.63434695663,2.34894634611,0.548964339674
2.08695062105,-4.22288380319,-1.05450768744,0.917837976443,1.82650322975
1.68559443503,-4.52527294387,-0.983327902494,-1.94243348416,0.0736599536155
0.702566124213,-4.31078498484,-2.02478693303,-2.1614329615,-0.549757636319
0.73440476483,-4.03646098861,-3.99337236133,0.507781336942,-0.762377930851
0.651736084521,-5.8578057602,-4.00821463888,1.09066232363,0.47805915746
-1.02447701204,-3.77043278224,-4.2952784706,-1.0515644168,-0.110937892829
0.0254842685875,-2.95683399219,-2.86473167741,-1.00000196385,0.328012151245
-0.535516474865,-3.41785812253,-1.4469815379,0.129822410902,0.0508850776511
-0.434390642561,-3.94469437001,-1.17373023265,0.099984194798,0.339727178434
-0.49556013029,-5.27714552659,-0.17910017841,-2.49423543321,-0.107884543058
-0.368778491191,-6.05916547217,0.695586101106,-0.942905861381,1.28098547229
0.522754169953,-7.76377523593,-0.405541933618,1.80971195818,0.943040190762
2.01912090717,-6.36532612851,0.0862447231068,-0.168988696951,1.15689476483
2.01834104238,-5.38773389993,1.78282039077,-1.06065293919,0.53540394765
0.96067297469,-5.85339345475,2.55331610865,-1.45915553424,0.0625022908773
-0.129172853471,-7.2337053882,2.67172535592,0.354939184543,-0.760281645398
-0.388185526051,-7.92453922753,2.65740743518,-0.230812618939,0.12266173424
-0.00766835402677,-7.22291143605,1.73582932754,0.132311440651,-0.499834095969
0.150330882422,-6.77725552398,0.752332176041,-2.0986706151,1.18028204027
0.23733182043,-6.99570120743,-0.310352064786,0.927148838939,1.16667120791
1.34925418877,-6.39309166082,-0.556273890164,2.14356095456,0.613898630732
1.25786735415,-5.10649830778,-2.15125896301,-1.33591469165,0.556261631472
1.1380200334,-3.75814041875,-2.87565400684,-1.86135957309,0.526557205171
0.659384718911,-2.94304304874,-0.942658703739,0.296129626839,-0.943256868448
1.11748383277,-2.07277360177,0.489503458157,0.799190946495,-1.08606487193
0.495319611239,-3.61156276426,1.6450606256,0.244047787087,0.164532847416
-0.534767237287,-4.91579760858,2.28065107364,0.698684188678,0.0531562324807
-0.84996422539,-5.53466209633,1.6702265419,-0.407745132377,0.916949678621
-1.34028595472,-7.81743035566,2.11919134356,-1.61343843642,-0.515857352443
-2.88527277496,-6.89658002706,1.04431968228,3.19939423591,-0.330169421519
-2.33331174904,-7.16298107928,0.751639907331,0.982281663771,-2.03313458274
-2.7303545022,-6.3334965044,1.94064115884,-1.91946237711,1.52923342957
-3.03116339974,-5.84356751919,0.918213272994,-2.07344712381,-1.23053919302
-2.19420303129,-5.00325978264,0.765289925909,2.98491302881,1.53164188175
-3.60593790351,-3.87870869389,1.93140384016,2.37317111762,-0.810022273131
-3.98883295926,-3.76350469879,3.50136173578,-0.917922099398,0.229386270075
-2.37353145714,-2.60951969315,3.63637911759,-1.29911768241,-0.453552413887
-2.26992236723,-2.54525035698,1.48024482445,0.0978283195871,-0.22908616386
-1.31898908227,-3.38781344992,-1.72558584866,2.06370461585,0.573695683553
-3.58227021731,-0.893717986087,-3.30152073953,0.209792706101,0.19143584948
-2.7833854168,-0.952390373776,-2.61611629036,1.17348922803,-0.740810267463
-0.253089178093,-1.03194567416,-2.82333380878,-0.0441413286144,-1.79144646899
0.781209850763,-2.70175058069,-3.62361516379,1.06760837534,0.152525977978
1.29886903711,-1.9906022381,-2.46178473367,0.987600172112,-0.665671502064
1.78221253173,-2.3256447898,-0.757130971841,2.18085459362,-0.565604506683
1.15099640255,-2.02128238255,0.0415739877244,0.468155204401,1.39406179815
0.20362382185,-2.43314330846,-0.031838085489,0.22029493601,0.231696455555
-1.26110673554,-2.20364700157,0.0741033177975,0.0925482085535,1.11925543804
-0.406836823636,-2.77000549061,-0.110385764245,2.02900919897,-0.415038179274
-0.801933921665,-3.46665140865,-0.0925681656211,3.04954957746,-0.67142347963
-2.04732473943,-3.93596248024,0.617302859676,-1.00387726761,-1.50956773449
-2.32029230895,-4.42800878686,-0.300831416701,-0.0809897174421,-0.948676958707
-2.2392337689,-2.62174658744,-0.230884129788,0.215063618709,-0.6988714054
-1.31049759083,-1.37483712915,-0.361173030329,1.1365800824,-1.16734316611
-0.95869872596,-1.83441803155,-1.09087075021,-1.24043011905,-3.38961912429
0.286358000489,-1.51510416197,-1.58468660539,-0.557896728558,-0.719480791174
0.23482571057,-1.99609443858,-2.81705327331,1.96652784259,-1.74216870606
-0.136511983459,-1.71559067393,-2.3941589125,1.14323609607,-1.61657898422
0.00556402989532,-2.42639429964,-1.09192985587,-0.7446280511,-0.296964133227
-1.19165246968,-2.21663862548,-0.19820458034,-2.18337668826,-1.39833277255
-0.215653785321,-1.78170419812,-0.965585379298,1.43202139453,-1.07257046335
-1.56441894708,-2.40784195686,0.157859955134,1.84760842858,-0.954496287088
-2.14599358135,-2.94264785195,2.23349248272,-0.702097200496,-0.128143037986
-2.5105802324,-1.97441451132,2.91921592515,-0.574853384374,1.27097370678
-1.07690386116,-2.03741007313,2.59191268878,1.09447535956,-1.0319188083
-2.22320003081,-0.943522752592,1.07831223525,1.22463324032,0.473725346355
-3.24579698869,0.58807952031,-0.424630922588,0.70394227877,0.58330911952
-1.62382298667,1.82045677606,0.590958171098,0.975903277959,0.872466912494
-0.827450145465,2.14851577666,1.89429521274,-0.534949840543,1.47393409124
-0.827151530874,-0.132561560567,0.446245778512,1.59767325154,-0.855321969026
-0.688103644759,-0.170484444557,-0.614718009153,0.0820541460399,0.930082491939
-0.877069380933,-0.598167767934,2.08278774499,-0.686782058858,-1.11310535581
0.361756866827,-0.988581471942,1.81715517327,0.248055363905,-0.0546117414058
1.66451676949,-1.72432642475,-0.188881794365,2.31844074019,0.0134265082961
0.676539362738,-1.8178819596,0.560581370467,-0.147737247785,-1.27536952149
1.50035575972,-1.47314182265,1.5240947338,-0.552762681664,-1.87414477101
0.486465194534,-1.94269056903,1.17489361384,2.19723614947,-1.37476894822
-0.79047948716,-0.433840638864,0.952412574547,1.4335449903,-1.12828787204
-2.15171258875,1.27884104148,1.58445859212,-1.0774535786,-0.503579234302
-2.39645031006,-0.169615812063,2.13324639546,-0.3131272986,-0.761921566882
-1.69538759108,0.901290145286,1.09442357593,1.94267016024,0.180502413755
-0.830089662354,-0.991532822933,-0.569489907524,0.926534338745,-1.19962778823
-1.5497630307,-1.29336297046,-1.40826059855,0.101292153606,-0.811434522262
-1.25495113609,-0.186087710638,-0.19597630975,-0.638361772182,0.476229418997
0.187609649954,-1.85419910406,-0.766110172205,0.609211556143,0.12152335569
1.32681135999,-2.93081685857,-1.23424602157,0.846165469271,-1.38773918133
0.614828343565,-0.113312413236,-0.445658888996,0.14286122385,-1.78846498279
-1.95646479979,0.274677387133,-1.06285360021,0.891428673745,-1.10894681129
-0.860493381276,2.09709410852,-0.647323838951,-0.621316588054,-0.130259874683
0.0250577475004,2.28688961361,-0.374722845749,-0.285605465497,-0.470731378203
-1.78582500278,2.27521283521,-0.814098640184,-0.884198795593,-2.24266516484
-0.921512010763,3.73349296158,-1.3110845458,-0.128059677322,-0.0408127671041
-1.63286194495,1.98334671872,-3.00127655262,1.42658522766,1.09987832785
-1.14530740651,0.489802983396,-4.52012323794,-0.617357983928,-1.92065294124
-1.95183421934,0.623829470117,-4.44410674661,-1.31673815514,-1.36941497451
-0.177914570725,-0.0474440169303,-3.36599958482,-0.231161469267,-0.485033265316
0.814992800221,-0.520889637406,-1.52389984392,1.49449894862,0.973942825604
0.811173963748,-1.33343674356,-0.482943673624,-0.347647632443,-0.514600495028
1.31868793688,-1.80555596759,0.766009176961,-0.247563199919,1.19625747027
2.78109217141,-0.302282323636,1.84605427506,0.0418798802051,0.405084215498
2.2797474343,1.74038866914,3.25352230742,-0.488187130418,0.795686252886
1.5929032455,1.80582860887,4.86444214146,-0.264512291558,-0.0690371352663
1.39135624049,3.08496576709,5.28279139466,0.340373109214,0.899720770351
0.183458878033,4.11848777523,5.1694126852,0.937040606205,0.733082112726
-0.0128915001311,3.45343306368,4.90602869695,-0.23526957412,-1.32839055215
-1.14672380437,3.79562148253,4.54570619959,-0.76159447746,0.13650446708
-0.780136450624,5.49056159364,1.19195828164,-0.547745793019,-0.496683326403
-0.188492547616,4.7003622948,-0.294510099144,0.828309183111,0.363844846186
0.368376986692,2.3851998499,-0.749668229688,-1.40690989025,1.93561017893
-0.229139185108,2.69436459277,-0.142595133429,0.108717925557,0.141102869751
-0.790336520267,3.17608534064,-0.898322719439,0.522533681648,0.549625479552
-1.86866207053,3.14489871353,-1.84631215065,0.544619923126,0.95512246768
-1.94031197998,2.93822262764,-0.381724638903,-1.18769691057,1.77692779688
-1.99515730037,2.2212172222,-1.01371188685,-1.83493616785,-0.68646880981
-2.37899269909,3.62551311383,-2.55809574402,2.20839273291,0.385897157909
-2.70320521375,4.85307237401,-2.36723009311,1.63232218258,-2.47279165254
-2.41473212629,3.81626537894,-1.5920235173,-1.31247667551,-0.350168153152
0.0239488112253,4.62065218127,0.0672876463908,-1.7868603982,-1.15435523275
2.13502671738,4.02178164082,2.74103061854,1.24780220265,0.403466611773
1.76536224898,2.49297954986,2.64748143068,0.977689583951,-0.646045382055
1.83772423631,2.13610864012,0.237060644233,-0.772750687156,0.0993396020411
1.61141250737,1.71618188262,-1.69463410606,0.134725978391,1.13258826484
0.807070587881,0.9312207704,-0.262130222368,0.0206982339467,0.110185868935
0.233731688852,1.6503614057,1.84497619622,-1.00716004411,-0.779290361499
-1.3229980194,1.7942201407,2.98615992321,0.345669339097,1.43053102387
-1.65147149033,0.843899826032,1.24740055263,0.836619957123,0.423433747377
-3.39037503843,1.2727874088,1.54291351141,-0.736599573935,0.00604672725946
-4.55348780611,0.698990827576,0.530026855278,-0.903434680713,-1.0014670678
-3.32772129012,1.65217581605,-1.50644617366,0.0290084204068,-0.204243355965
-2.26991072064,1.67194269933,-2.25932519988,2.6633284268,-1.17288919812
-2.10776945144,2.1008679409,-2.7956171912,0.73196124958,0.688183921194
-3.0935706426,2.61728842305,-1.68563991628,-0.23417199346,-0.197750632613
-2.60856273394,2.70175589962,-0.465679028326,-1.91308763483,0.703092467545
-0.525747236416,0.656173288075,0.825683974641,0.408861802642,-1.29333651555
-0.454498471238,0.438703789888,-1.71554928449,0.927222551723,-1.19856370209
1.24808138996,1.34684096745,-2.95160164292,2.62284925341,0.0366206058135
1.27538541733,-0.479976574583,-2.0705985753,0.124730768007,0.109665576316
0.212433414916,-1.80395714922,-0.623484181567,-0.359502543382,-1.53550469291
0.430354153076,-1.47948876768,-0.870874272945,0.607157525816,-0.876024041539
0.00123390531032,-1.45268038765,0.850748362077,0.935515587802,0.423953909637
1.56136498873,-0.848284732997,0.796099651632,-0.0826652796025,-1.69793132838
2.24997305461,1.54758996886,0.644664545846,-0.785515185674,-0.806039152903
1.87266397207,0.807082278671,1.12605624194,0.761452525416,0.32589691985
1.85363734399,1.80648210018,-0.378952947097,1.22520974699,0.427984531577
1.60498825875,3.85118647449,-0.851199466379,0.816786804408,0.164764538462
1.18935693611,2.93686042477,-3.37632559832,-0.715735435767,1.48267461771
1.24374875992,2.6724871623,-3.36931433516,-0.93221765684,0.357026229489
-0.152945615524,1.80082483688,-3.69541873331,-0.331296226071,0.500864591466
-1.11884653045,1.44019080917,-3.46069200465,0.905904324859,0.660322984218
-2.70837493464,0.332277014954,-3.29865431238,0.646433881818,1.41165190231
-3.02853074422,-0.231088038242,-2.66321026681,0.419110976544,-0.0512337399386
-2.07155116936,-1.80850906775,-2.29714112913,-0.162127351797,0.503059615302
-2.07971426072,-2.44474510336,-2.3185935207,0.279706639213,-1.90917733434
-3.32871291758,-2.54699889406,-1.80097544644,0.633698590984,1.32767303709
-1.01799810396,-3.24936231879,-0.100313177804,1.85966947597,-0.395503872083
-0.393747526279,-3.16113399194,0.801332005878,0.46392188433,-1.12876446727
-0.00268568289698,-1.59388349347,0.933304733242,-0.820461658639,0.0320227622721
-0.173271306919,-0.551302023113,0.96370882269,-0.167878549461,0.379023813452
-1.35511883321,-1.21286087518,1.20616224601,-0.34519546645,0.271131164825
-1.87629511144,-1.83452230305,2.32639517154,1.91795377249,0.851256931834
-0.315706403091,-0.901970369057,2.06665967854,1.81748128293,-0.544808700681
-0.656081596616,-0.353432709021,1.26932842566,0.0882599907179,0.41866277882
0.0398691881012,0.694267061298,1.09011655455,-1.93941766651,-0.142055851408
0.434360977829,1.66404487128,1.04207080808,-1.88450893072,-1.30418730035
1.09171470623,1.90594307814,1.62212584959,-0.434513401342,-1.25616352672
1.16806361705,2.05607064174,2.08688036988,-0.282479092637,-0.0215088480095
1.05178950018,1.91300570532,1.31114742923,0.531647787106,-0.215336364309
2.16674539416,0.620593010785,-0.693519208001,1.39203567175,0.671685459108
2.36125232703,1.29343228347,-1.65459226073,-2.89807273799,0.0882416663711
-0.491578175097,2.47713739709,0.451464074435,-1.80169575611,1.40153779945
0.423520514835,2.77146730325,0.288207056503,-0.484583783723,1.3461245523
-0.130492071579,5.13829898262,-1.77164107866,0.795515525837,-0.00172809864177
1.4826975729,2.75839002348,-2.05394011952,-0.995045983685,0.691759512518
0.75378324777,2.0955565399,-2.07421550832,0.262524707348,1.14293059848
-0.435465439244,1.31730823423,-1.44206376243,-1.17778584091,1.15858980161
-0.602691042675,2.25830964085,-0.975149846021,-0.273364358594,-0.420359667201
-0.471756950345,1.53817689647,0.395632292054,2.09879543799,0.399500381143
1.03905533938,0.864145555374,1.47071914483,-0.71213293837,-0.426159666751
1.57525216943,1.21512493075,1.76978994237,-1.68630342108,0.501193916485
0.771592288029,1.51955610722,2.21118074021,0.933731866934,1.56634773211
-0.568090794318,0.373690417321,1.07188257357,1.87139958728,-0.739318683297
-1.32564516713,-0.126833161007,0.260764621714,0.027976673277,0.871328214903
-1.04506774825,-1.88655529387,0.50766219552,-0.888742186842,-1.56653982994
-0.75350042815,-3.68129704471,-0.0640250543839,1.07080823282,-1.5515093236
-1.57843173597,-1.90532240968,1.27810151433,-2.71341088933,-1.6467245764
-0.780737308309,-2.6802417525,1.03428718284,-0.00561168376655,-1.92655503131
0.441545373465,-1.8232905484,0.961802867857,1.78511766589,-3.32240602365
0.343478821424,-2.71492020775,1.14635758277,0.311004787053,-0.799954035178
2.42742716403,-2.70478050276,-0.531980607739,-2.53253231762,-0.565384531787
2.08538683854,-3.31274509094,-3.19727361307,2.53980349545,-0.836902269177
2.9064983174,-2.66339106107,-2.21842472197,1.13622215525,-0.496432692618
2.68701113999,-1.78816734703,-2.57492763146,-2.00646436094,-1.81530360124
2.62057096988,-1.82673514971,-3.06234452191,0.0831455225511,-2.1777493752
2.13468505168,-1.52598975691,-2.29439145418,3.43825375415,-1.18311572614
2.09715741358,-0.51093840169,-0.918744897995,-0.278859245745,-0.175936751923
1.63294464967,-0.00299376835291,-1.99749064217,-3.12742232016,-1.03505653551
-1.11027409272,-0.0951276289285,-2.20314108034,1.17927456092,-0.339555411508
-2.4502882612,-0.0876424195654,-1.81118317482,4.03511837987,-1.61547051151
-1.49582972384,-1.90438497853,-0.929891276269,0.251714490403,-1.2686727526
-0.421255349921,-0.876899332981,-0.840656898659,-3.16046225921,0.716522205395
0.874127895082,-1.24249411787,-0.962686077088,-0.888160063197,-0.826582025974
-0.784383894681,-2.87284161047,-1.45432386437,1.06893534022,1.51115384295
1.12396286114,-1.60779656855,-2.41639694032,1.45404073891,0.571998939132
1.18910302931,-0.754001801452,-1.91714843534,-0.639685991719,1.57034729556
0.547455072325,-0.10899064464,-1.66888505726,-0.987621847261,0.844501476358
-0.0302223259881,1.39656540325,-2.26904159006,-2.02905840926,-0.276004163602
-1.80692700573,2.32692989787,-0.711123051852,-0.491193908754,-0.836611742475
-0.918951464598,3.70778050755,0.887476802555,1.22405861923,-0.247282275303
0.152475673665,5.09317369778,-0.58880744601,-0.317657605186,-0.993811523196
0.13683951589,5.47351367207,-1.78116207667,-1.90641603301,0.542866383694
0.752996769227,5.11273853677,-2.31101630613,-1.17695317086,-2.61667805253
2.03058877179,2.16859749737,-2.35631137411,0.20142294569,0.660920945669
1.24822323083,3.36109519939,-2.25251710176,-1.7361907141,-1.95542113657
2.5946833523,4.15266452653,-3.67838995823,-1.405081523,1.3846673369
3.7354454799,3.67899107508,-5.51531209241,0.278829215668,-1.40485635318
2.93501100112,3.06781519026,-6.22604970452,0.112964718523,-0.129317786415
1.27641658298,1.45538778491,-5.45993062181,-1.7714946,-1.46632848474
0.211381104939,1.52130787097,-3.84513831261,-0.358166632276,-0.975674194067
0.734521937612,2.30311334482,-2.68786378749,0.524421681997,1.04092144986
2.69262385703,1.12111624285,-1.6426315429,-0.435824390133,-0.980718343985
2.61729057934,1.62365330131,-3.64729250535,-1.37239105439,-0.396227578015
2.55659045245,0.982943372083,-4.16028015626,1.01986755074,0.315352579014
1.73185656932,1.46963619185,-4.4956316047,1.19002966527,1.54070829975
0.82419183468,1.78291611964,-3.58902323619,-1.11291781716,0.964879800079
1.13656786632,1.88453621659,-2.23251892961,-1.65350046389,0.74575480837
1.88021260695,0.997047267288,-0.863466148577,0.715820801602,0.273509221344
1.53247129153,0.120292007559,0.672369291843,0.713318221674,0.23804530067
1.29962529947,-0.509694435363,2.24360952484,1.32436994785,-0.696091605609
2.12802048195,-1.17978504226,2.84621683902,0.163965023884,1.46326027008
2.51207782649,-1.02721588213,2.31723568043,-0.623814763951,1.23975993321
1.73247977381,-2.55876775319,2.48201581653,0.32248172942,0.242800414836
1.90803646147,-0.903804813877,1.79247369279,3.38760609332,0.170466596477
0.218349613515,-0.819300186331,0.365118258436,-0.122984385638,1.61344217445
1.32363159689,-0.449982600843,-0.194326783799,-1.71945304965,0.148235185935
0.177524105415,0.462784724555,-0.290221339069,1.24867958977,1.12037167561
-0.154916041343,0.530628568929,0.80344368437,1.80409160839,0.647397237349
0.249803499923,2.31362728704,0.278258883788,-0.0986060294924,1.50068431033
1.12331722238,4.35708103242,2.08928966941,-0.173918281272,-0.215052190394
1.08795244974,6.75033857939,2.39224914631,0.870955280575,1.48186097534
0.741706512174,8.62144639619,1.8603287043,-1.58964381699,1.16334077172
0.88924680738,8.26704851642,2.35734921361,-0.310332854847,2.20741140503
0.530650194139,7.81146066651,2.56047264521,0.0880854487917,0.787909146144
0.875574616152,5.4718612472,2.84013972178,-0.854445907449,0.865090111929
0.354452457925,3.10033507657,2.61050714547,-2.02185670658,0.292988700421
1.4552772875,2.61538106837,1.86349508463,-2.30639170329,0.763055411728
1.45993653094,2.66896382663,0.581465802163,0.406841993416,-0.189200418443
2.09009101698,3.14066748159,-0.721354785076,1.61373698319,0.0746048173373
1.29510446832,2.98008801769,-2.4994443727,0.374395805712,0.749358728166
1.87271640256,1.71483333318,-3.2608423481,-2.4586594343,0.158633843005
2.00152012681,3.76482174611,-3.27632941442,-0.278688657178,-0.885983753798
2.49709692412,3.07479265635,-2.18114661586,0.828648258333,1.36947225714
1.47132444636,3.09431245784,-1.20680488952,0.435238672522,-1.26808052365
1.26449510922,4.54129222378,-0.989884459922,-0.94755077874,1.05285347021
2.17871342968,6.22369887266,-0.305933203564,0.774125133716,-0.0659350764809
3.15760620328,6.61576317951,0.90363820382,1.89741220208,1.662886049
1.2277442693,6.46821000015,1.9011415098,0.972160537111,0.618872222401
1.46610204341,7.72246019468,4.05158204634,-0.50253628116,0.158750819197
1.47018083765,7.86543970614,5.42265052459,-1.28588798713,0.991695966876
1.19844126953,6.124458117,4.98797304278,0.431388956257,0.363310607176
0.853129876609,4.91745381583,3.51000997693,0.715543672372,1.64923671485
-0.473294580578,4.44991282945,3.07177195285,0.48757550722,0.192951895704
0.440478787584,5.23555789521,2.36303876044,0.181277187683,0.169306106117
-0.691197350629,4.52707917619,3.30268134599,0.959724525512,-1.16534610147
-0.104328386074,3.73164001535,2.88562934265,0.350339397723,0.787176673281
-0.174662473366,4.26651481052,2.58040760388,-0.288116342648,-0.658129161499
0.588657499814,4.72789682984,3.00366435672,-1.50984081013,0.200897671058
1.29753474273,4.44062126287,2.06331708712,-1.16107764243,-0.0402678476943
2.00142381946,4.04861474,0.827656503204,-0.0166723194713,-0.25802105129
0.868365227346,2.90930388701,-1.02323848534,0.889219144241,1.20451908773
-0.0741941690679,3.3283395605,-2.03819383613,-0.480740232055,1.17074048664
-2.2685302789,3.54462748405,-2.97950729958,-0.565312853844,0.446577394304
-2.10963908735,1.36594041753,-2.38273787546,-1.78998788485,1.82732100095
-3.34093155129,0.0735611001131,-0.865859556196,0.702783723709,3.38822468465
-3.72911169569,0.911569105737,0.520625176929,-0.654315522984,3.03717384955
-1.55886243095,0.297571463273,1.70216503994,-0.48976390503,1.41896006755
-3.3848635795,-1.22449055696,3.40994457645,0.452267485957,0.664046661318
-1.90309282529,-0.990593821992,1.18803761719,1.12164014185,1.59776701803
-1.60475475627,-0.737260544713,-0.129195101104,0.120028056646,1.22787277579
0.351417177578,-1.08316120183,0.473862337436,-0.986731570332,-0.556894049619
-0.01928603034,-1.67831727352,0.195250094095,-0.284179743079,-1.02853290034
2.51343840574,-2.24489131452,-0.843046433875,1.95240272585,-0.606135660321
2.63784318849,-2.79775186796,-0.361024725474,2.05064192865,0.198470728693
2.37549316499,-1.67720272491,2.4775983799,-1.12103902136,-0.329717778962
1.85309087477,-0.954343112475,2.97805011888,-1.81669043371,-0.380142825282
-0.105809874947,-0.418931803891,2.63755450389,0.011169194929,0.790458585891
1.67935628985,0.684680155328,3.78729552603,2.15827584717,1.08900801204
1.02522122911,0.824048832734,4.81032005937,1.56608571265,0.391816569069
-1.41487869158,-0.73736462029,2.1262796394,-0.643740804956,0.246902425683
-1.33291188232,-1.64796727104,-0.400360054933,-2.13321639038,0.970041314849
-1.33310113452,-2.17454704705,-0.847465710415,-1.14762884944,1.50528656152
-2.03294116211,-1.07613045965,-1.11626364017,1.67405934794,0.223528045094
-1.34382598435,-0.908000313388,-1.5972668407,-0.365769793114,0.600228950934
-2.13398363,-2.19221343213,-0.333637254529,-0.265980727785,0.177751858098
-1.45092959996,-0.957329564191,-1.15815091269,-1.86943908844,0.689379545945
-1.71197564482,-1.36687488344,-1.404961831,2.51346171916,-0.406294398121
-1.80965636314,-1.84958679426,-0.852823950001,0.0702201357133,-0.241988361252
-0.276570753346,-0.959392540146,-2.71451610224,-1.4343378977,1.01360654004
0.183312181659,-1.28290331736,-1.67918432033,-1.93134835533,1.7803217923
0.649832866412,-1.88275836967,-0.851321668858,0.995204170203,1.89467978168
0.649680422207,0.0945288263082,-1.08360970459,0.737281082377,-1.69871315587
1.3695319101,-0.815052678737,-1.553304261,1.29113290146,0.35362476513
2.25402865078,-2.5423041965,-1.09722968616,2.54377239695,-1.30168681867
0.637569857797,-3.41293572662,-0.10520576459,0.0154611929262,-0.635742695764
-0.105386985148,-3.51000138339,0.0617697723542,-0.218133002363,-0.657073813861
1.73000614322,-2.98960996999,-0.296101298561,0.957591423266,-0.93842641818
0.0640848103743,-3.58864020733,-1.26341712411,0.781383711882,0.243826638895
1.11312902575,-4.60892662006,-1.40889646954,1.59260125079,-0.630927109464
-0.303172407456,-4.73677371594,-0.21044251896,1.30791817068,0.52590967131
1.65217159688,-5.13735324907,0.283558927135,-0.61738299421,-1.1949295534
1.63360843153,-4.97782544799,1.2437038296,1.29956474998,0.483941674671
1.1620991637,-5.26438266142,1.69483051594,2.23258024849,-0.567484385806
-0.846448594753,-5.26819537339,3.22153219949,0.420278504429,-0.247693898245
-0.912824828634,-5.78338662442,3.72499167105,-2.07001234221,-0.409289417972
-0.66897057877,-7.04133329859,1.26478160144,0.876075734137,-1.11113799684
1.80994593897,-7.8074698966,-0.0709325451264,1.92593972597,-0.809568485548
0.622337530159,-8.41806445159,0.50640219946,0.455944764431,-0.024865780907
-0.0745549596747,-7.49272078499,1.86658474143,-0.717353504093,-0.751332649647
1.05791279654,-7.4498053443,1.41099857205,0.341297382993,0.660902239566
1.49495235761,-6.76410716936,1.36517848462,1.15065578093,-1.01100071067
1.42478435462,-7.31135030012,0.224936933064,-0.204269523209,-0.26558384385
1.95989634157,-8.15402624725,-0.318212242831,-0.15331642336,-2.17113481944
2.37967988483,-5.74090313528,-0.0434392254421,1.66150699715,-0.533592170249
3.63197324284,-5.80652967058,1.88913582159,2.44198309131,-3.15121187796
2.71617670721,-4.0754084337,3.96241407326,-0.0990236139932,-1.27798546894
1.1013506246,-2.16174328433,3.11133718471,-2.17816616603,-1.87792622493
2.77128313534,-2.57817114763,2.2250809206,0.143161773804,-0.397397606894
1.26179425817,-2.5555680264,2.04950197215,1.28577048724,-0.379388804231
0.950627585193,-1.37472506934,1.52298715258,0.655275437789,-0.0444766400352
1.96597878253,-1.30559445685,0.854293413986,-0.273263229276,-1.19702725203
1.28798603845,-2.04614178533,1.28768363248,0.530636795677,-0.551596528698
-0.0807629029756,-2.95511437339,2.82135120407,-0.770606727364,0.167988523824
-0.880064972838,-3.11762419595,1.28699133903,-0.184999976942,-0.561084194447
0.359160138408,-3.90871608934,0.540114868061,-0.478062254321,-0.746046219197
0.366430680382,-4.78197861577,1.29974964097,-1.07572968267,-2.14542576476
0.191170806105,-6.97695046169,-1.07702985571,0.405046037593,-0.270895700124
-0.456942478421,-6.14108958892,-1.88792903802,2.85432998144,-0.427121448739
0.922921533829,-6.23127876462,-0.719584169287,1.57945596271,-1.41849235139
-0.161741238176,-8.21130918224,-1.0204843404,-3.18126804788,-1.07231468243
1.27351779389,-9.10340299308,0.286606953101,-0.653563015883,-1.90455545664
1.98341717634,-8.73255443553,2.984131354,3.86943179483,-1.79909357211
0.929006915672,-7.64182448653,3.20835396545,0.724385363297,-2.78166004632
-0.725467532097,-10.3148529565,4.20030408985,-3.00817087132,-2.41469912593
-0.424787973936,-10.8164727339,3.22626522498,0.619174673036,-2.26308705901
0.209996654598,-10.953132833,3.34895982723,1.77774266697,-1.84088483448
-0.0199732516637,-11.3111996025,3.16599700479,-0.900286097059,-1.22578902779
-2.320218704,-10.8509943046,2.24566175545,-1.81891560192,-1.4908995837
-2.55436909758,-9.8522174501,1.96051454056,-0.715904076378,-1.96636969344
-1.30319956452,-9.75233294247,0.893934093126,1.67122801562,-0.15259783486
0.423064306329,-8.02255668601,-0.506762327925,-0.314817013673,-1.56278207525
1.09483371687,-6.56406654636,-0.58968351717,-1.41339285325,0.811909422783
1.46977233149,-5.72358556536,-0.460395426755,-0.832934907282,-0.744191988676
0.650766541623,-6.59471277992,-1.04384131653,0.29967316726,-0.86664337373
0.45049527818,-8.54017424781,-2.20922431972,0.168194663283,-0.400271751421
-1.44954692711,-6.3102952431,-1.55006291839,0.446789080031,1.2754162348
0.0437500029015,-6.23684175439,-1.55605064366,0.457605098276,0.505493215454
0.666815538686,-4.97298938265,-3.15208505281,0.0210595617848,0.747794957297
1.37288090605,-4.16508696629,-2.82833758316,-2.08978009737,1.65665053813
1.93526228009,-3.53280827236,-0.745561198333,0.068664065348,3.00966600612
0.951415331709,-2.09281115993,-0.633873043236,2.07678059058,1.09483727766
0.548037459956,-2.46415142407,-2.45107571271,1.48292430116,0.47945939051
-0.850774100418,-1.99627762743,-3.0660781729,1.39032442319,-2.10251416727
-0.706710468428,-2.98295205541,-3.40351069943,-0.768535576448,1.92585691447
-1.13697118615,-1.39108506788,-2.84377105735,0.547757914211,0.90619808888
-1.59000696977,-1.82768796904,-1.63776872365,-1.36676121879,-0.924117353027
-1.32643181277,-2.49785447675,-0.783093836806,-0.137310276231,-0.263162771863
-1.03201463733,-1.17492939711,-0.637783610037,2.0698155227,-0.787886343678
0.242132755372,-0.991073292903,0.655938203732,2.56996292439,-0.448099433766
-0.588530906672,-0.993407668813,3.36408294602,0.721982335384,-1.16453048748
-0.514381206271,-0.831583417088,3.28580757053,-1.93653891967,-1.29476729406
-0.710104806732,-0.399589658493,2.16557297141,-0.0496485462531,-1.0338179678
0.278797837999,-0.81478893041,1.36722708138,-0.330693118784,-1.54783226108
0.412809849394,-1.86795785033,0.605746704731,0.272524823076,-0.274467079308
0.194690239204,-2.07031611456,0.539486877397,0.309192611228,0.213860031175
0.92734575545,-1.35622771796,2.43301867603,1.25453549244,-0.335086270998
0.33350410484,-1.25471189546,3.31948405545,-2.13570216097,0.258034601566
1.16243816215,-0.215792194456,2.79862419202,-1.7519403445,0.260106299359
3.08984139726,0.778090985378,2.48543263633,-1.15657470718,0.816364419429
1.75107872198,1.89313841163,1.81659555793,1.71050687476,-0.909743158155
-0.27754119102,-0.626372017501,2.98777539111,1.73881592233,-0.675486160047
0.157782470333,-0.6420875718,5.15610553454,-2.27875129561,-0.495753167988
1.24254857514,0.428566392056,5.32559716892,-2.18064946523,-0.153184165699
1.2151692593,0.669867341047,4.44519942704,1.3791623861,-0.951181754391
0.990220459104,1.70324121254,3.4560873738,0.825739828099,0.0622039789474
0.36236325292,0.913557649504,2.08608129275,-0.474879314664,0.958901936283
2.5231518438,1.44003950192,1.60726844694,0.288578006928,1.38450116208
3.03873251545,1.11220441879,0.370453049377,2.1428027474,1.08382001817
2.4089377102,1.78754490257,-1.26912142132,-1.44944119094,1.04364692153
2.87406670404,0.196354138906,-1.86432043144,-0.588766481363,1.88304204481
1.49487391313,1.91060112987,-1.58119388721,2.52431744065,2.21928984641
1.01609820026,2.11197441389,-2.02062024997,3.59492171462,-0.119195489135
-1.23520217769,2.13557215595,0.700732974367,-1.52001261867,-0.0654423122823
-1.44592910434,0.943845962595,2.84960497787,-0.921545952177,0.201949024971
-0.953831544399,1.82860126185,3.36613231615,0.640989339404,1.04084588095
0.728884118042,0.142698262751,3.14040014701,2.61659093075,0.0126187701064
2.90503284024,0.34309590078,-0.0869844215781,0.918321632423,-0.443770493509
3.16944209992,0.662008010194,-2.02989792507,0.0468661048327,-0.13523031145
2.20475475081,0.578003062613,-1.75796806838,-1.30102558768,-0.691063609064
1.34778334774,-0.0486994904691,-1.66460256176,-0.149802855216,-0.324964002167
2.29851781075,-0.943372169645,-1.28612559029,1.3563987864,-1.24507545071
1.17056944665,-1.48479537656,-2.15208611134,0.0275196808211,-0.92663066285
1.0006124307,-1.98098813378,-0.459930835439,1.55383157568,-1.51758928151
0.854087892674,-2.0541799385,-0.781300618726,0.217459405145,0.207104172512
2.96374474417,-0.210646938306,-3.11643609565,-0.0624043183245,-0.65137122323
3.91487955506,0.194116267485,-5.43815504148,0.601300045469,0.157089195991
1.86903128703,1.14640770495,-4.69410794249,0.562651463281,-1.06344691668
1.67392746251,1.51836873317,-3.71591473524,-0.142869518853,-0.49216301775
1.58272075214,2.35279599641,-4.5161746276,-0.168982556995,-0.754963113442
2.40154953983,4.0149497938,-1.73083476808,1.66826094226,0.621248537632
2.69435604232,3.59716097728,0.403475466054,0.0393204881104,-1.31098544636
2.5054030226,4.67291222303,1.48868862077,0.934497602897,-1.23078103962
2.6068916832,4.31191217432,0.789028980423,-0.0778135309843,-1.18284739209
2.85231334757,4.65070949539,-1.50311604097,-0.181881764004,-1.60641921009
2.73021318143,4.18627575759,-1.94942828403,-2.07554099043,-1.4741699624
2.88201915281,2.87578342733,-0.680044411561,-0.368097582861,0.815121643055
2.18299646783,4.06407781259,-0.498436595573,0.989119670955,-0.467137708112
1.68917220678,4.46163077721,-0.199487348813,0.932249247006,1.1911062092
1.88050471805,4.71509662866,0.470504658034,-0.738444881489,-0.303846345465
0.0162104874243,4.02788128729,1.06784801039,-0.369232154668,1.36631970307
-0.0115020564342,2.95255314698,0.530639997148,0.103526958651,2.13860868688
-1.2080337911,0.0185716839321,-0.221910753142,-1.38867835833,1.00652155442
-1.57608602525,-1.62098113567,0.240408935554,-1.73292125154,0.978557652056
-1.57069389167,0.476402465149,0.0649059027719,0.587155027332,-0.465978454468
-1.4550767906,-0.574440827061,-0.491192222648,1.82469913497,-0.0712218029953
-1.82095832153,-0.000310422557377,-1.37343161924,-0.551456228683,0.526031399199
-1.98148290329,0.578051643966,-0.616056458027,0.538388506297,1.56905675168
-2.32839164375,1.3153801542,0.725096712142,-1.32349972221,0.66105164134
-1.59692579456,1.66503178256,1.03604293661,-2.26290305745,0.412465913278
-1.53886440671,2.87561831239,0.234720006603,0.789170330483,0.983461949354
-1.94235382833,3.63805157128,-0.0321905312503,1.27190488644,-0.749017270756
-1.78272171426,3.63917346724,1.46488041202,0.139567390617,-0.0625206427478
-0.692601710446,3.37073951048,1.82525350492,-1.78982933104,0.592035929011
-0.463975135283,4.17842410386,1.12583285097,-0.124906664502,0.558342332048
-0.820697476862,2.77126982394,0.70581227441,-0.644871246843,-1.6195826221
-2.28370064377,3.00971154019,1.1757050017,0.452166598292,0.746312942571
-0.908354548459,3.18512304012,0.314976369627,-0.289936518497,1.6699610885
0.321837713378,3.08226576651,-0.292784713695,1.37492897538,1.44711897692
0.561881713121,2.86713986301,0.135906570613,-0.239891748582,-0.0514879942834
1.15831413684,2.91373101225,-0.0863225216488,0.688986406255,1.94919876024
-0.258397134021,1.15868998468,0.905353049212,-1.81123798986,-1.19855250181
0.280667679964,-0.194233130939,1.78676342773,0.556606286297,-1.01182744092
-0.749232538965,-0.202390646621,1.42371747115,1.16299634441,-0.604214327879
-1.72510275748,-1.62426053889,1.44182708926,0.0757277589947,-0.51715095929
0.875680323877,-3.35957235466,2.63974745599,-0.962672903677,-0.186127357083
0.753488578103,-3.04459445117,2.02231484163,0.214155048044,0.349876872026
0.256918992709,-2.57720524232,1.78269714372,0.563071274286,-0.314437330429
-1.39860999479,-3.20081715885,1.63867145188,-1.68916992025,-0.304205656951
-0.995207414879,-2.61710366718,2.21989457355,-1.24477814469,0.144684874054
-1.71098929807,-1.91429393398,2.50456886035,1.71911396751,0.724921794606
-0.884723045849,-2.27052226707,4.79116912725,1.42064126971,0.289388434701
-0.0589047139269,-3.04005710005,3.62139120091,1.16366018187,-0.441929252975
2.16252097205,-4.11805845891,2.95084833455,-2.29767761858,-1.1253936053
2.88639861284,-3.69490309606,2.41325035245,0.149031225353,0.291327974325
1.19158469701,-5.70281237083,-0.0613303805422,0.21159107969,-1.07649988506
2.54052305175,-6.46664897352,-0.430404274038,0.115277794864,1.51301052712
2.92587658316,-5.43601218089,-1.36537952661,-0.612455428239,1.13302297899
2.57296244369,-5.56258092248,-2.89226439389,0.462014478658,0.751025333724
1.17399280671,-5.41405995271,-2.94328274826,0.938719514389,-0.0939746339029