Name,3M,ACE,AES
7/12/2001,2409.2,1235,2810.1
10/12/2001,-666.8,60.2,-4066.1
11/12/2001,2426.6,1506.8,5460.2
12/12/2001,5472.2,-96.6,14274.4
13/12/2001,2617.4,1415.6,7599.9
14/12/2001,5361.6,3470.7,10746.8
17/12/2001,3473.8,2434.3,2354.4
18/12/2001,7079.4,3699.1,5647.8
19/12/2001,2367.2,770.1,4711.7
20/12/2001,-934.8,-580.4,1775.8
21/12/2001,4210,1108.4,5682.2
24/12/2001,5139.6,1366.6,6552.8
26/12/2001,2089.4,700,1653.4
27/12/2001,436.4,2009.4,5751.7
28/12/2001,2044.2,1264,2863.2
31/12/2001,-1403.6,614.9,185
2/01/2002,4287,1206.6,2357.1
3/01/2002,591.2,-458.7,-424.2
4/01/2002,4065.4,1377.1,3103
7/01/2002,544.6,404.4,5558
8/01/2002,3065.8,2703,2563
9/01/2002,-75,4437.2,506.5
10/01/2002,6459.6,988.9,3469.2
11/01/2002,10651,2058.7,214
14/01/2002,5101.8,2315,2436.3
15/01/2002,-661,3793.9,4753.4
16/01/2002,22779.6,1249,1401.9
17/01/2002,38633.6,-1455.1,-1667.3
18/01/2002,8667.6,2344.4,2467.2
22/01/2002,3975.4,909.2,4634.9
23/01/2002,4060.8,1629.5,2462.2
24/01/2002,8641,7954.3,3528
25/01/2002,5438,5998.5,678.8
28/01/2002,2378.2,9488.6,-565.1
29/01/2002,3756.8,33033.5,3019.4
30/01/2002,11410.6,24325.5,-1919.4
31/01/2002,4525.6,2265.9,3558.1
1/02/2002,9271.8,6155.1,-1162.7
4/02/2002,3363.6,1917.3,4243
5/02/2002,-1362.2,198,-1622.8
6/02/2002,3958.4,2066.9,6665.2
7/02/2002,1360.2,4724,12849.8
8/02/2002,7498.4,2015.8,4409.9
11/02/2002,11915,3198.8,8629.3
12/02/2002,2706.6,2560.5,3034.2
13/02/2002,5674.6,8540.2,84.5
14/02/2002,3178.2,4781.8,3801.6
15/02/2002,-1308.4,1789.3,-26161
19/02/2002,3964.4,1635.3,21072.5
20/02/2002,7588.4,3002,-4183
21/02/2002,4535,956,14885.9
22/02/2002,9282.2,2122.3,30350.3
25/02/2002,5658.2,1164.1,9816.1
26/02/2002,552.6,2259.8,22352.1
27/02/2002,4093.4,1388.5,7627.6
28/02/2002,637.6,131.2,14518.1
1/03/2002,3850.2,2486.1,11624.7
4/03/2002,9049.8,4667,21750.1
5/03/2002,4849.2,1450.6,11949.2
6/03/2002,8596.2,2789.6,31385.6
7/03/2002,3769.6,2338,12890.6
8/03/2002,6908.8,78.1,26041.9
11/03/2002,3187.6,1156.8,11771
12/03/2002,7008.8,-337.6,-953.7
13/03/2002,3308.4,1116.3,7791.9
14/03/2002,6342.2,3047.7,3129.7
15/03/2002,5668.2,1526.2,7871
18/03/2002,8248.2,-203.7,14158.6
19/03/2002,3806.2,2269.1,9043.3
20/03/2002,1053.6,-526.1,3454.9
21/03/2002,3125.2,3209.4,5300.3
22/03/2002,-643.4,4814.1,-2676.8
25/03/2002,2450,1457.5,4949.8
26/03/2002,5269.8,-93.9,-1923
27/03/2002,2440.8,1992.3,4605
28/03/2002,-1700.2,3090.8,-1488.4
1/04/2002,2370,1017.1,2350.8
2/04/2002,-38.4,2283.1,39
3/04/2002,3654,1120.8,3429.6
4/04/2002,6704.4,2373,10633.3
5/04/2002,15237.2,1034.8,2320.5
8/04/2002,20468.8,1892.8,38.2
9/04/2002,5830.4,1375.8,2223.2
10/04/2002,11013.4,2894.1,4874.4
11/04/2002,5051.6,948.3,2833
12/04/2002,1248,-167.6,5209.6
15/04/2002,2929.8,1694,5740.8
16/04/2002,6683.8,65.4,9003.4
17/04/2002,2379.6,1581.7,2532.3
18/04/2002,4711.2,-207.1,-41.4
19/04/2002,2423.4,688.8,1539.3
22/04/2002,9811.2,1797.2,-809.9
23/04/2002,3784.4,1599.1,3130.5
24/04/2002,8540.2,-151.3,571.6
25/04/2002,3454.8,1453.8,4858.5
26/04/2002,-211.8,2473.8,1495.9
29/04/2002,3056.4,1158.6,3858.1
30/04/2002,6172.4,2905.1,6696
1/05/2002,3874.2,10647.1,2593.8
2/05/2002,7588.8,-3242.3,4903.6
3/05/2002,3572.2,7588.6,1745.3
6/05/2002,354.4,4381.9,-1279.2
7/05/2002,4415,4040.8,4159.5
8/05/2002,8351,1281.8,5852.2
9/05/2002,3004.2,2637.9,1782.1
10/05/2002,7132,-3208.1,-1542
13/05/2002,3922.8,3140.8,1791.7
14/05/2002,8633,16.9,3796.2
15/05/2002,3493.4,3162.9,2922
16/05/2002,874.6,-853.9,1087.3
17/05/2002,2933.2,4221.1,3358.6
20/05/2002,266.6,1695,7196.1
21/05/2002,2843.4,7643,2411.1
22/05/2002,4932.8,4794.3,3735.5
23/05/2002,6151,4407.9,2258
24/05/2002,3170.4,8945.2,3743.7
28/05/2002,2714.8,1517.3,1567.9
29/05/2002,-2025.2,4317.1,137
30/05/2002,3245.6,2347.1,2150.2
31/05/2002,6207,4362.5,3692.7
3/06/2002,3623.6,1601.8,2088.3
4/06/2002,6852.6,-2493,-589.5
5/06/2002,2892.8,2271.2,4394.2
6/06/2002,-309.2,769.7,-156.2
7/06/2002,2961.2,4195.6,6493.5
10/06/2002,5928.6,6353.3,11490
11/06/2002,3389.2,2462.3,3826.1
12/06/2002,6819.6,4425.3,12396.5
13/06/2002,2358.8,2176.4,4616.8
14/06/2002,6485.6,3880.7,8044.9
17/06/2002,2910,1482.4,3133.6
18/06/2002,5092.6,2986.9,346.5
19/06/2002,3921,1911.4,6569.4
20/06/2002,755.2,2982,3341.1
21/06/2002,5587.4,1753.6,3614
24/06/2002,9663.6,123,-1200.2
25/06/2002,3565.4,980.5,3335.3
26/06/2002,-1152,-826,7758.4
27/06/2002,3947.2,4017.8,4475.2
28/06/2002,-498.4,6108.3,12188.4
1/07/2002,7484.6,2163.5,3214.3
2/07/2002,1748,238.7,-316.5
3/07/2002,4477.4,2987.1,3538.1
5/07/2002,6310.4,3588.8,4636.2
8/07/2002,4487.6,1204.7,2057.1
9/07/2002,-77,-1110.1,-195.3
10/07/2002,6210.6,1949,1933.6
11/07/2002,-1486,4789.1,-1234.5
12/07/2002,6010.8,1306.5,5488
15/07/2002,-3869.8,-539.5,2029.2
16/07/2002,6432,2147.6,3896.8
17/07/2002,12093.2,-402.2,-5668.7
18/07/2002,6325.4,5336.8,4609.9
19/07/2002,-3401.6,9007.6,8159.3
22/07/2002,12608.6,2642.2,2337.4
23/07/2002,22754,1054.2,-2057.2
24/07/2002,11071,3371.4,3765.3
25/07/2002,21460.8,5432.2,-2852.6
26/07/2002,5789,2372.9,6435.8
29/07/2002,12421.8,5102.2,13142.3
30/07/2002,7853,3928,6055.4
31/07/2002,15278.6,7345.4,2865.4
1/08/2002,5790.2,1790.8,3642.2
2/08/2002,-568.6,-196.7,6566.3
5/08/2002,4950.4,1659.1,1576.4
6/08/2002,12692.2,3405.2,-2117.5
7/08/2002,6282.8,1412.6,2614
8/08/2002,11809,4160.2,6775.7
9/08/2002,4169.6,1216.4,2515.8
12/08/2002,-616.8,2106.8,947.2
13/08/2002,6016.8,1444.4,2201.6
14/08/2002,14350.8,2572.9,931.2
15/08/2002,6212.2,1097.7,1876.9
16/08/2002,1644,194.2,3108.4
19/08/2002,4467.2,1006.9,1530.6
20/08/2002,-11.4,203,5170.9
21/08/2002,4123.8,1853.1,3123.5
22/08/2002,-619,2802.9,12710
23/08/2002,3203,855,5795.5
26/08/2002,6032.6,1698,2120.2
27/08/2002,3979,1368.2,3052.4
28/08/2002,892,416.7,813.9
29/08/2002,3326.8,1880.4,1032.5
30/08/2002,6218.2,3201.7,-272.2
3/09/2002,5095.8,1142.2,2276.4
4/09/2002,10698,2329.6,524.7
5/09/2002,4726,707.8,2412.6
6/09/2002,7708.4,1543.7,3677
9/09/2002,2770.4,775.4,1412.2
10/09/2002,5900.4,-430.4,3648.3
11/09/2002,3480.4,572.1,2002.7
12/09/2002,-1145.2,2290.5,-138.3
13/09/2002,6484.2,2162.6,1479.6
16/09/2002,2281.8,1219.4,265.2
17/09/2002,5560.8,1050.4,2088.9
18/09/2002,11439.4,-1060.7,425.9
19/09/2002,6402,1351.1,1293.8
20/09/2002,14161.4,4006.6,4854.9
23/09/2002,4712.4,2147,2382.7
24/09/2002,-2989,122.8,667.2
25/09/2002,10163.4,1715.2,2521.5
26/09/2002,20905.6,3516.1,4777.2
27/09/2002,6098.2,1194.6,1748.7
30/09/2002,-3450.6,-592.9,3629.7
1/10/2002,8194,2272.3,1932.3
2/10/2002,662.4,-513.5,2869.9
3/10/2002,6002.8,1942,4859.2
4/10/2002,-562,3834.8,-98.4
7/10/2002,7135.2,2100,4637.6
8/10/2002,16977.2,4427.4,-3035.6
9/10/2002,8268,1793.2,6475.9
10/10/2002,16130.2,4726.5,10718
11/10/2002,7082.8,2321,2476
14/10/2002,11893,340.5,678.1
15/10/2002,7960,3354.8,4711.2
16/10/2002,1877.4,924.8,-8578.5
17/10/2002,5205.4,3334.2,8239.5
18/10/2002,10086.2,5930.4,13265.4
21/10/2002,9028.2,1910.2,3106.6
22/10/2002,2400.8,3,6057.3
23/10/2002,5565.4,1861.3,2203
24/10/2002,-992.8,-412.3,-2385.7
25/10/2002,4412.2,1692.4,2716.5
28/10/2002,373.2,361,4675.8
29/10/2002,5026.8,1495.8,2307.3
30/10/2002,9031.8,-1732.6,4008.6
31/10/2002,3923.4,4377,5704.7
1/11/2002,7757.8,6796.2,10161.9
4/11/2002,6080.6,1666.7,3768.5
5/11/2002,9424.4,781.1,6198.1
6/11/2002,4775.2,3073.5,2806.3
7/11/2002,859.2,1511.8,-1180.7
8/11/2002,4199.6,1311.5,1946.5
11/11/2002,953.2,2334.1,-2203.3
12/11/2002,5242.8,1726.9,2154.8
13/11/2002,10187.4,824,-456.9
14/11/2002,6006.8,1765.9,2413
15/11/2002,-1475,2778.6,-4401.5
18/11/2002,4322.4,1427.7,2844.7
19/11/2002,8057,2656.5,-483
20/11/2002,3757.4,1870.6,3392.5
21/11/2002,10246,-775.7,8109.9
22/11/2002,4577,1812.3,5730.1
25/11/2002,-390.8,409.9,13773.3
26/11/2002,5331,1071.4,6704.1
27/11/2002,9458,1702.3,11344.9
29/11/2002,1588,564.2,7566.4
2/12/2002,-2950.4,-804.6,14763.9
3/12/2002,3117,1009.4,5581.6
4/12/2002,-405.8,82.6,13305.2
5/12/2002,3799.2,822.9,4791.2
6/12/2002,6983.4,-418.2,1587.9
9/12/2002,3277.8,1234.8,3504.5
10/12/2002,6993.2,2371.9,7413.3
11/12/2002,3181.6,1085.9,3842.8
12/12/2002,47.4,72,8179.4
13/12/2002,3490.8,749.3,9504.7
16/12/2002,8380.6,1453.9,14658.4
17/12/2002,4178.4,862.8,3220.2
18/12/2002,-264.2,13.6,5928
19/12/2002,5632.4,2546.9,3607.3
20/12/2002,12606,4540.7,-833.2
23/12/2002,2425.4,2290.3,3867
24/12/2002,1403.6,1395.6,4964.9
26/12/2002,2062,1237.5,1377.2
27/12/2002,-260.2,514.3,16
30/12/2002,3033.2,944.4,1560.9
31/12/2002,6137.4,1825.8,4505
2/01/2003,4358.2,1332.2,3062.4
3/01/2003,1603.8,2103.1,5728.1
6/01/2003,3824.6,1751.6,2209.6
7/01/2003,-496,-404.5,-511.8
8/01/2003,4605.8,1420,3744.8
9/01/2003,8409.8,2835.1,7161
10/01/2003,3993.2,1660.1,4131.4
13/01/2003,820.4,315.9,6059.4
14/01/2003,4068.2,4004.5,4756.8
15/01/2003,782,2505.8,8907.2
16/01/2003,3131.6,2317.9,6971.6
17/01/2003,-921,876.7,9572.2
21/01/2003,4441.4,1155.5,2108.2
22/01/2003,10662.2,-405.1,-236.4
23/01/2003,5275.2,1250.8,2124.6
24/01/2003,495.2,-1155.2,-990.5
27/01/2003,4903.4,4733.7,2921.2
28/01/2003,8551.6,7087.4,6636
29/01/2003,4737.2,1919.5,2222.4
30/01/2003,-286.6,559,-348.6
31/01/2003,5861.8,925.1,4079.1
3/02/2003,10957.8,2238.9,2094.2
4/02/2003,5291.4,3285.1,1655.9
5/02/2003,9534.2,1648.1,78.2
6/02/2003,3813,2922,1784.1
7/02/2003,214.4,1652,-641.5
10/02/2003,3698.6,2123.7,2642.6
11/02/2003,34,833,4474.9
12/02/2003,3757.8,1791,1887.4
13/02/2003,8889.8,181.2,7589.9
14/02/2003,6224,936.6,3403.6
18/02/2003,11475.8,1862.2,1516.6
19/02/2003,3434.4,946.2,1580.9
20/02/2003,-121.6,-230.8,3319.7
21/02/2003,5299.6,918.9,1348.1
24/02/2003,1354.6,278.8,-291
25/02/2003,5993.6,1084,1671
26/02/2003,2123.6,-523.9,3323.4
27/02/2003,4367.4,1563.6,1666.6
28/02/2003,-388.8,2450.8,3557.4
3/03/2003,3150.4,1855.7,1518.6
4/03/2003,-1135.8,544.4,380.7
5/03/2003,4691.8,1207.6,1073.8
6/03/2003,6.8,119.3,3048.5
7/03/2003,5676.6,1217.3,1342.2
10/03/2003,1236.6,-507.4,343.3
11/03/2003,4989.4,3298.7,1506.1
12/03/2003,10855.6,488.1,-795.3
13/03/2003,6832.4,2147.4,2573.7
14/03/2003,12671,4328.8,1045.5
17/03/2003,7795.2,1370.8,1616.7
18/03/2003,13952,2636.9,3826.2
19/03/2003,5877.8,1170.6,2108
20/03/2003,13044.6,2446.5,-626.5
21/03/2003,9234.6,4242.3,3628.4
24/03/2003,2226.6,2253.9,2053.2
25/03/2003,6461.8,1549.1,4503.9
26/03/2003,1634.6,2905.2,-345.5
27/03/2003,4418.6,1496.6,2096.6
28/03/2003,510.8,2428.8,227.1
31/03/2003,5503.8,1079.8,2253.2
1/04/2003,11453.6,2143.3,5018.6
2/04/2003,5502.2,1879.5,5390.3
3/04/2003,10183.2,689.9,8366.4
4/04/2003,5309.2,1464,7532.6
7/04/2003,-2348,-663.8,12889.8
8/04/2003,4860.2,1661.4,2493.7
9/04/2003,222.2,256.7,219
10/04/2003,3534.8,1179.3,2219.7
11/04/2003,8030.4,-322.9,784.5
14/04/2003,4229.2,2014.5,2023.5
15/04/2003,9251,3462.5,4560.4
16/04/2003,10524.6,1292.8,2463.5
17/04/2003,17840.8,2540.8,4796.4
21/04/2003,6073.4,998.4,2293.3
22/04/2003,-1161.4,4842.6,5475.6
23/04/2003,5964.6,4419.4,4305.6
24/04/2003,-1554.8,2809.9,8014.4
25/04/2003,7243.4,1466.2,4293
28/04/2003,14173.4,3127.8,8014
29/04/2003,4488.4,2522.8,4778.5
30/04/2003,-61.8,-567.5,9130.4
1/05/2003,4541,2409.4,4523.6
2/05/2003,8608.2,4289.1,12661.7
5/05/2003,3858.6,1642.3,4558.7
6/05/2003,-3809.4,-717.3,-133.8
7/05/2003,6594.8,1672.3,3530
8/05/2003,13199.2,-809.8,949.3
9/05/2003,5528,2114.9,3036.1
12/05/2003,10079,4343.6,6348.4
13/05/2003,3742.6,1213.3,2874.3
14/05/2003,-144,2713.5,5011.5
15/05/2003,5331.8,1822.8,2813.5
16/05/2003,231,3117.6,8294.9
19/05/2003,3641,1298.2,3277.4
20/05/2003,8148.2,179.6,6285.3
21/05/2003,4121.6,1103.9,4257
22/05/2003,8785.2,2122.3,7175.4
23/05/2003,2602.8,1148.4,2943
27/05/2003,6533.2,2464.2,7322.1
28/05/2003,4207.2,1013.6,3080.7
29/05/2003,-243,-1150,6951.5
30/05/2003,5376,5493.2,3630.8
2/06/2003,1068.8,8434.4,6888.6
3/06/2003,3053.4,2226.5,2952.4
4/06/2003,6943.8,151.7,5251.5
5/06/2003,4006.2,1578.8,2321.7
6/06/2003,9601.2,-240.1,-1365.9
9/06/2003,2966.4,1660,2396.2
10/06/2003,5952.2,3045.4,-1150.4
11/06/2003,2917.8,976.1,2872.5
12/06/2003,6351,2155,4816.7
13/06/2003,3947.8,807.9,1556
16/06/2003,8109.8,1944.3,4160.6
17/06/2003,3959.6,1168.9,9266.3
18/06/2003,10067,151.9,-6837.6
19/06/2003,6436.6,1988.9,5886.3
20/06/2003,-547.8,377.2,-12006.8
23/06/2003,3666.2,811.9,7550.9
24/06/2003,6686.4,2915.5,1898.9
25/06/2003,3813.2,1914.2,5477.8
26/06/2003,6681.4,4862.7,1397.1
27/06/2003,2756.4,1454.8,3979.9
30/06/2003,6973.4,-762.8,-1987.6
1/07/2003,3436.2,1779,3524.7
2/07/2003,5824.2,318,10864.4
3/07/2003,2067.6,756,3804.1
7/07/2003,7185.4,2590.3,7088.8
8/07/2003,3922,1751,2288.5
9/07/2003,1042.6,184.3,4979.6
10/07/2003,3500.4,1834.9,2671.8
11/07/2003,5792.4,-586.7,5073.2
14/07/2003,3886.2,1309.5,2711.6
15/07/2003,-374.4,2323.3,-234
16/07/2003,2841.6,1026.2,2498.9
17/07/2003,-1010.2,-655.1,96.6
18/07/2003,6145.4,1334.3,2054.2
21/07/2003,19262.4,312.9,-392.2
22/07/2003,7348.6,1524.9,2244.6
23/07/2003,11389.6,-1307.5,1231.5
24/07/2003,6892.2,2029.4,3299.6
25/07/2003,12197.6,3556.3,1422.4
28/07/2003,5760.4,1609.2,1721
29/07/2003,1733.8,5246.2,-283.7
30/07/2003,3855.2,2394,2674.9
31/07/2003,8173.2,-112.8,-298.6
1/08/2003,3661.4,1529.6,2063.7
4/08/2003,7240.4,3236.7,-2338.4
5/08/2003,3300.8,1415.1,2649.9
6/08/2003,-148.8,2687.3,-160.4
7/08/2003,3327.6,1500,1999.1
8/08/2003,6041.8,2532,3121.8
11/08/2003,5560.4,1431.5,1159.1
12/08/2003,10807.8,2315.3,2750.1
13/08/2003,5377,693.2,1399.9
14/08/2003,-1144.6,1823.3,3026.5
15/08/2003,2503.6,822.3,670.6
18/08/2003,6131,-220.6,-478.1
19/08/2003,3262.2,787.9,1570.3
20/08/2003,318.2,2303.2,3989.5
21/08/2003,3226.8,1752.1,2232.7
22/08/2003,-810.2,886.2,533
25/08/2003,2286.6,916.4,1290.9
26/08/2003,4646.8,9.8,-423.8
27/08/2003,2481.6,507.5,1071.6
28/08/2003,-287.2,-1329.6,2987.4
29/08/2003,2250.6,1192.5,1331
2/09/2003,-4292.4,2991.5,3833
3/09/2003,5978.4,2055.9,1910
4/09/2003,335.2,230.2,5509.2
5/09/2003,5267,1211.4,2902.9
8/09/2003,138.6,2723.1,5036.6
9/09/2003,4290.4,1096.9,3272.8
10/09/2003,371,2346.9,1594.6
11/09/2003,4237,1419.6,2979.6
12/09/2003,-129,-1836.7,4699.7
15/09/2003,3579.4,2945.6,1664.8
16/09/2003,6828.4,5408.9,6574
17/09/2003,3514.4,1207.3,3647.5
18/09/2003,6511.6,2785.5,6247.7
19/09/2003,5032.6,2394.9,2058.5
22/09/2003,9007.6,1606.3,3275.4
23/09/2003,2898.2,850,1258.7
24/09/2003,-291.2,-546.5,-3135.1
25/09/2003,3614.8,700,4182.8
26/09/2003,9810.8,-329.3,7797.8
29/09/2003,17487.4,1134.2,2259.6
30/09/2003,12284.7,95.6,4122.6
1/10/2003,4448.9,1345.8,2481.5
2/10/2003,7323,2580.7,1346.7
3/10/2003,5580.2,2061.5,3693.9
6/10/2003,2797.4,2973.2,1825.9
7/10/2003,2216,1689.2,2716.2
8/10/2003,175.7,3188.9,1219.5
9/10/2003,3751.7,1360.2,1678.7
10/10/2003,906.7,-209.9,411.9
13/10/2003,1941.1,767,2441
14/10/2003,4053.3,1457.8,3795.8
15/10/2003,2771.5,1488.6,1783.6
16/10/2003,-377.5,-218.4,3987
17/10/2003,3074.6,2970.5,1658.6
20/10/2003,8728.5,4611.9,2762.5
21/10/2003,3233.7,1984.2,1271.7
22/10/2003,6957.8,497.9,-457.1
23/10/2003,2335.8,1017.6,866.9
24/10/2003,173,351.9,2323.3
27/10/2003,2247.9,970.5,955.2
28/10/2003,5607.8,-764.8,2371.6
29/10/2003,2411.3,3211.3,1110.7
30/10/2003,4987.8,1846.6,6373.4
31/10/2003,3065,1579.7,2496.8
3/11/2003,257.1,2722.3,4378.4
4/11/2003,2902.9,681.3,3492.6
5/11/2003,175.7,-542,1240.3
6/11/2003,2367.6,932.6,3058.6
7/11/2003,259.7,-427.6,5689.6
10/11/2003,1740.4,1204.8,1822.2
11/11/2003,-507.6,2700.7,3380.6
12/11/2003,2053.1,1557.3,2253.8
13/11/2003,4019.8,719.7,-178.5
14/11/2003,2460.4,1456.6,1359.8
17/11/2003,-38,487.6,-563.1
18/11/2003,2881.6,614.8,1432.1
19/11/2003,-305.9,-391.7,-1321
20/11/2003,2846,1169.7,2829
21/11/2003,4896.3,2160.8,1291.1
24/11/2003,2812.4,1225.1,1928.3
25/11/2003,523.5,3083.7,3628.2
26/11/2003,1558.5,1081.3,1626.9
28/11/2003,848.2,1436.3,2374
1/12/2003,3392.1,1537.8,2024
2/12/2003,733.2,4744.1,-312.4
3/12/2003,2901.4,1339.7,5291.2
4/12/2003,5020.2,2814.1,831.3
5/12/2003,2030.6,1745.7,2037.5
8/12/2003,4426.9,2896.5,142.9
9/12/2003,2831.6,1740.7,1816
10/12/2003,617.6,404.6,-1171.6
11/12/2003,2675.5,854,2087.4
12/12/2003,4914.1,1499.8,3797.8
15/12/2003,3560.1,859.8,2429.7
16/12/2003,6003.4,2133.2,5150.8
17/12/2003,2023.3,1182,2181
18/12/2003,-993.4,2514.1,5075.2
19/12/2003,4551.7,1978.8,1964.4
22/12/2003,7411.9,3462.4,3172.8
23/12/2003,2447.3,1658.3,1723.2
24/12/2003,1679.9,2361.9,600.5
26/12/2003,873.8,321.3,368.4
29/12/2003,3223.8,1593.9,3469
30/12/2003,1459.7,952.5,3129.9
31/12/2003,3086,1827.5,937.8
2/01/2004,2591.9,1012.2,1462.9
5/01/2004,5577.1,1927.8,3801.3
6/01/2004,2983.3,869,2173.7
7/01/2004,-1310.3,-273.6,4751.6
8/01/2004,3574.8,1214.8,2219.6
9/01/2004,263.7,2418.7,4982.1
12/01/2004,2841.3,1346.7,1758.2
13/01/2004,681.6,2384.3,-83.4
14/01/2004,2088.3,981.6,1630.5
15/01/2004,4687.9,-54.1,-202.2
16/01/2004,3635.9,893.2,3432.7
20/01/2004,-6102.7,-446,6556.1
21/01/2004,7712.2,1256.2,2880.3
22/01/2004,11517.6,505.9,1418.1
23/01/2004,2633.6,982.9,1578.3
26/01/2004,5559.3,1768.3,3008.7
27/01/2004,2877.3,684.6,2910.2
28/01/2004,-1406.1,-447.8,424.8
29/01/2004,4690.8,851,6846.6
30/01/2004,1301.1,1690.3,9989
2/02/2004,3963.3,1109.2,4024.4
3/02/2004,7716.3,1907.9,5486.1
4/02/2004,3460.4,1331.7,4722.6
5/02/2004,855,4144.4,8744.4
6/02/2004,2718.7,1441.8,2122.2
9/02/2004,641.9,-178.5,4275.5
10/02/2004,3348,925.5,3108.6
11/02/2004,6190,2747.9,1109.7
12/02/2004,2058.7,1313.3,1589.4
13/02/2004,-1140.6,2237.7,-124
17/02/2004,2695.3,1176,1219.6
18/02/2004,410,53.2,2879
19/02/2004,2413.5,902.6,3921.5
20/02/2004,4811,1724.7,-194.8
23/02/2004,2259.8,829.9,2182.8
24/02/2004,-162.5,11.5,-749.3
25/02/2004,3097.5,725.1,1619.6
26/02/2004,-424.3,1445,-570.2
27/02/2004,3289.2,1770.6,3934.5
1/03/2004,5654,643.7,1411
2/03/2004,2216.8,1030.4,1940.3
3/03/2004,5054.7,1773.2,415.7
4/03/2004,1951.3,472.7,1022.2
5/03/2004,-901.6,1197,-293.6
8/03/2004,2377,561.5,1530.8
9/03/2004,4981.3,-283.6,-3.3
10/03/2004,4185.5,776.8,2329.7
11/03/2004,-212,-866.2,-2867.5
12/03/2004,3324.5,1005.2,1857.7
15/03/2004,-150,-350.8,4616.1
16/03/2004,7494.4,1056.9,2925.9
17/03/2004,11208.8,2033.4,5508.6
18/03/2004,3553.8,1542.7,1508.9
19/03/2004,-41.5,750.4,-46.2
22/03/2004,3858.1,807.9,1380.3
23/03/2004,648.3,1609,-826
24/03/2004,2619.4,999.9,2109.4
25/03/2004,5830.7,1817.5,3872.1
26/03/2004,2615.7,798.6,1821.7
29/03/2004,5268.3,1621.9,3549.6
30/03/2004,3000.7,716,1854
31/03/2004,5986.9,-480.1,3335.2
1/04/2004,2866,1339.9,2936
2/04/2004,5754.9,3452.9,5373.7
5/04/2004,2237.3,1074.7,1755.7
6/04/2004,3892.3,-353.1,3681.6
7/04/2004,2952.6,1008.9,1771.7
8/04/2004,611.7,1958.9,410
12/04/2004,1512.9,909.9,3034.6
13/04/2004,-884.9,77.6,128.6
14/04/2004,1861.4,1349.7,1885.5
15/04/2004,3962.5,-92.2,-1836.5
16/04/2004,2234.4,1957,2863.4
19/04/2004,7507.6,538.8,432.6
20/04/2004,2724.8,1255.6,2107.7
21/04/2004,4867.9,3560.2,59.6
22/04/2004,4795.7,1617.8,1992.9
23/04/2004,9852.9,396.4,440.2
26/04/2004,2909,1153.1,1908.3
27/04/2004,6120,2569.4,9.5
28/04/2004,2698.2,2457.7,5654.7
29/04/2004,-468.2,4688.8,-363.8
30/04/2004,2990.9,997.7,2151.9
3/05/2004,5287.2,-271.9,5608.2
4/05/2004,2872.7,1399.3,2618.2
5/05/2004,429.5,335.1,-46.7
6/05/2004,2819.5,970,2391.9
7/05/2004,576.2,-85,515.2
10/05/2004,3089.4,2051.2,2878.3
11/05/2004,5834.9,2813.6,4943.9
12/05/2004,2814.7,1429,1941.7
13/05/2004,305,2236.6,3726.8
14/05/2004,2735.8,946.9,1909.5
17/05/2004,-38.7,15.5,-326.6
18/05/2004,2958.2,535.8,1862.3
19/05/2004,380.2,-406.8,-223.4
20/05/2004,2439.7,2297.6,3159.7
21/05/2004,4414.5,4024.4,559.2
24/05/2004,2246.7,834.5,3702.1
25/05/2004,5349.4,1581.7,7059.9
26/05/2004,1837.1,1126.8,2154.8
27/05/2004,4580,85.2,5942.9
28/05/2004,1650.6,1351.9,8759.9
1/06/2004,4015.8,2412.9,6028.2
2/06/2004,1832.7,1143.9,3466.2
3/06/2004,201.8,2293.5,831.2
4/06/2004,1738,1079.7,1269
7/06/2004,4181.1,1819.5,3342.3
8/06/2004,1950.3,492,1367.9
9/06/2004,184.3,-144.6,-445.6
10/06/2004,1655.5,1549,1681.5
14/06/2004,-320,500.7,3729.8
15/06/2004,1927.2,886.2,3220.4
16/06/2004,-444.4,1930,1808.4
17/06/2004,1497.9,911.5,4007.2
18/06/2004,5200.6,-564.6,283.9
21/06/2004,2429.2,921.4,2250.1
22/06/2004,6226.3,-35.2,4106.5
23/06/2004,2989.4,1354.4,1988.1
24/06/2004,1113.6,2491.9,216.7
25/06/2004,3245.7,1225.1,7798.7
28/06/2004,5113.2,323.8,5439.2
29/06/2004,2577.7,940.4,1677.2
30/06/2004,5647.7,1870.4,3616.2
1/07/2004,2627.2,924.5,2162.8
2/07/2004,915.3,99.2,4000.9
6/07/2004,2305.9,1100.4,1270.3
7/07/2004,4760.2,431.3,2340.9
8/07/2004,2370.2,1015,965.3
9/07/2004,588.9,1789.1,2549.2
12/07/2004,1605.9,593.7,1569
13/07/2004,-673,2021.7,3626.7
14/07/2004,2044.8,577.5,2692.7
15/07/2004,4119,1774,1063.1
16/07/2004,2545,957.4,1465.3
19/07/2004,-7976.7,-186.3,2580
20/07/2004,4972.7,3160.3,1533.3
21/07/2004,1415.6,1274.2,-2010.8
22/07/2004,3765.9,2242.6,2970.8
23/07/2004,1026.3,739.9,1615.3
26/07/2004,3350.5,1533.8,1807.2
27/07/2004,6139.8,2615.4,4256.9
28/07/2004,4493.9,2080.3,1986
29/07/2004,7316.6,2840.9,4480.6
30/07/2004,1885.3,936.3,1635
2/08/2004,4297.3,-260.5,3363.9
3/08/2004,1778.7,1440.8,1167.3
4/08/2004,3797,2319.9,-249.1
5/08/2004,2577.4,1064.2,1395.6
6/08/2004,-651.2,155.6,192.1
9/08/2004,2556.6,852,1745.2
10/08/2004,6537.9,1775.3,161.3
11/08/2004,3401.2,919.3,2013.6
12/08/2004,214.1,-324.5,1023
13/08/2004,2100.7,934.9,1542.9
16/08/2004,5004.5,2191.2,4327.8
17/08/2004,2878.1,876.8,3456.6
18/08/2004,5645.2,2571.8,1326.8
19/08/2004,2239.2,584.1,1189.7
20/08/2004,4024.3,-92.8,5158.3
23/08/2004,1563.4,1038.2,2199
24/08/2004,2900,2779.1,-420.9
25/08/2004,2094.8,577,1081.1
26/08/2004,3711.5,-269.1,-356.7
27/08/2004,1134.6,659.3,1182.1
30/08/2004,-346.4,20.8,501.5
31/08/2004,2508.1,1066.7,1330.6
1/09/2004,4562.5,-758.3,-240.4
2/09/2004,2310.3,2271.4,1088.5
3/09/2004,4089.1,3586.7,145.1
7/09/2004,2185,1068.7,1591
8/09/2004,-69.7,374.6,2926.3
9/09/2004,1782,984.6,1348.6
10/09/2004,3625.5,1852.7,3404.6
13/09/2004,2244.6,985.2,1525.3
14/09/2004,9,2131.1,3715.1
15/09/2004,3714,1435.3,2710.2
16/09/2004,6053.8,2717.3,4086
17/09/2004,3568,1287.2,3570.2
20/09/2004,779.5,478.5,6149.1
21/09/2004,3028.1,987.9,1606
22/09/2004,72.6,150.3,426.4
23/09/2004,3976.3,771.9,1495.1
24/09/2004,791.3,339.3,126.2
27/09/2004,3306.9,1299.3,1155.6
28/09/2004,7427.6,2728.9,2505
29/09/2004,2694.2,1727.5,6423
30/09/2004,6808.7,3714.2,8740.2
1/10/2004,3583.8,1635,1376.4
4/10/2004,598.3,4639.7,3478
5/10/2004,2951.2,1289.2,2098.6
6/10/2004,6406.2,2133.7,869
7/10/2004,2663.9,931.8,1015
8/10/2004,49,-33.2,2243.6
11/10/2004,1559.8,1232.8,1974.7
12/10/2004,-680.7,126.7,4405.5
13/10/2004,3746.3,1058.6,1813.5
14/10/2004,716,-6472.7,3906.2
15/10/2004,3205.5,10882.3,2040.3
18/10/2004,-11264.3,14457.8,-647.8
19/10/2004,4897.6,9288.1,1897.4
20/10/2004,10244.7,13768,257.1
21/10/2004,4064.1,2815.2,1809.5
22/10/2004,59.5,6753.9,575.2
25/10/2004,2926.6,2399.2,870.7
26/10/2004,6569.4,5989.2,2775.5
27/10/2004,3534.1,2040,3957.3
28/10/2004,1281.4,3931.7,-729.3
29/10/2004,2112.4,1783.8,2287
1/11/2004,-793,2928.8,4278.2
2/11/2004,3892.7,1344.2,2030.2
3/11/2004,-1650,2482.5,3498.9
4/11/2004,6238.1,1464.9,1659.4
5/11/2004,12984.7,2600.2,-461.9
8/11/2004,2969,787.1,2919.5
9/11/2004,860.7,1891,4864.7
10/11/2004,2871.2,856.4,1641.2
11/11/2004,5418.7,1672,4107.6
12/11/2004,2677,1691.9,2658
15/11/2004,-377.6,3061.7,4752.7
16/11/2004,2825.4,1756.4,4725.8
17/11/2004,5645.5,427.2,478.3
18/11/2004,2186,1253.9,2171.3
19/11/2004,-385.1,3015.2,666.2
22/11/2004,2814,1255.3,2130.8
23/11/2004,-150.1,3082.3,3475.1
24/11/2004,2616,889.2,1888.3
26/11/2004,1477.4,660.8,2313.3
29/11/2004,3117.1,1008.6,3598.9
30/11/2004,-1189.9,1887.5,6219.3
1/12/2004,3833.8,1200.3,2143.7
2/12/2004,827.1,2171.9,-146.6
3/12/2004,4940.9,966.3,2047.9
6/12/2004,2525.7,-2.4,3516.5
7/12/2004,3506.6,1040.6,3045.2
8/12/2004,5919.4,-118.7,971.2
9/12/2004,3855.5,763.4,2850.3
10/12/2004,1189.1,1413,4855.2
13/12/2004,3889.7,845.3,1873.3
14/12/2004,7299.5,2033.3,688.9
15/12/2004,4183.9,1105.2,1919.9
16/12/2004,9038,-67.8,290
17/12/2004,6365.5,2607.7,2462.9
20/12/2004,9906.4,1598.5,4471.5
21/12/2004,2813.1,1180.6,3752.5
22/12/2004,5694.1,1963.8,5790.1
23/12/2004,3031.1,403,1459
27/12/2004,815.1,-39.7,2900.6
28/12/2004,2120.9,409.4,1438.3
29/12/2004,424.3,-122,3285.7
30/12/2004,1271.7,486.5,1313
31/12/2004,-169.1,1001.8,2614.2
3/01/2005,3193.1,892.9,2015.1
4/01/2005,-451.5,-9.9,-227.4
5/01/2005,2895.4,1673.1,2074.3
6/01/2005,5909.9,4347.1,3983.5
7/01/2005,3293,1405.8,904.1
10/01/2005,7636.7,427.4,2999.8
11/01/2005,4756.1,1279.6,1411.6
12/01/2005,8939.8,2811.6,3562.8
13/01/2005,4172.4,1354.5,2715.6
14/01/2005,7254.6,2554.1,4179.6
18/01/2005,7161.4,2344.8,3224.4
19/01/2005,12039.4,5238.5,1517.7
20/01/2005,3234,2168,2057.9
21/01/2005,-905.8,718.6,3633.6
24/01/2005,4046.3,1182.5,1631.3
25/01/2005,7526.7,2345.4,-174.8
26/01/2005,2919.5,1196.5,1316
27/01/2005,355.2,585.6,-169.3
28/01/2005,2046.6,1035.2,1769.8
31/01/2005,4847.3,2572.8,3617
1/02/2005,3012.9,1007.1,3122
2/02/2005,104.2,2501.4,6175.2
3/02/2005,2324.4,1781,3384.4
4/02/2005,4775.7,3451.4,7850.6
7/02/2005,1716,1466.4,2183.6
8/02/2005,3736,82.3,3946.2
9/02/2005,2033.2,1290.4,2072.8
10/02/2005,3948.5,2409.3,4930.3
11/02/2005,2578.1,2201.6,3757.8
14/02/2005,4611.4,1267,7555.1
15/02/2005,3753.8,1186.5,3559.2
16/02/2005,6740.7,-432.9,6936.7
17/02/2005,2918.7,1382.6,6192.3
18/02/2005,-73.8,99.3,9888.1
22/02/2005,3000.9,1358.6,3454.6
23/02/2005,-77.5,1883.2,6394.1
24/02/2005,2692.2,695.6,2323
25/02/2005,4946.6,1554.3,5978.7
28/02/2005,2177.6,1000.3,2759
1/03/2005,4467.5,1818.1,5139.5
2/03/2005,2256.8,730.8,3301.1
3/03/2005,4669.7,1528.2,5855.5
4/03/2005,2906.8,838.6,4918
7/03/2005,6527.9,1373.2,7820.5
8/03/2005,2697,1261.3,2896.3
9/03/2005,131.7,392.3,-1383.5
10/03/2005,2525.4,932,6329.9
11/03/2005,129.2,1824.2,8280.1
14/03/2005,2579.7,1464.8,2809.3
15/03/2005,379,-458.9,7579
16/03/2005,2759.4,1685.4,3071.4
17/03/2005,761.9,-327.1,5150.4
18/03/2005,5267.9,1777.5,4733.5
21/03/2005,3572.6,642.9,2601.8
22/03/2005,2086.7,1297.6,2369.7
23/03/2005,-281.1,-353,-4993.4
24/03/2005,1846.2,730.1,2408.5
28/03/2005,277.7,1971.6,5145
29/03/2005,2753.4,1452.8,4023.2
30/03/2005,4756.3,-11.6,7082.5
31/03/2005,2614.6,1716.3,2659.2
1/04/2005,313.2,-3023,5070.4
4/04/2005,2448.7,3750.9,1959.4
5/04/2005,-420.4,2185.1,4862.9
6/04/2005,2334.5,909.4,1525
7/04/2005,4472.7,-329.7,3582.6
8/04/2005,1660.8,1913.1,1432.4
11/04/2005,72.7,3135,-293.9
12/04/2005,2309.9,2064.4,1835.2
13/04/2005,15.2,955.6,4993.7
14/04/2005,3221.7,2160.1,2281.1
15/04/2005,-1416.6,366.9,-1138.2
18/04/2005,13240.8,1054.5,2129.2
19/04/2005,20406,1924.2,3996.2
20/04/2005,4930.4,1077.2,2161
21/04/2005,8603.7,2746.1,5051.8
22/04/2005,2715.8,1645.8,2380.4
25/04/2005,5177.2,254,4989.2
26/04/2005,2726.6,1142.4,1590
27/04/2005,5477.1,3739.4,-448.1
28/04/2005,3217.3,1577.9,3375.6
29/04/2005,6178.4,3440.6,6470.6
2/05/2005,2841.9,1699.1,3554
3/05/2005,-329.7,2648,5847.3
4/05/2005,3013.1,1184.1,3043.5
5/05/2005,5616.1,-60.1,-4881
6/05/2005,2286.4,622.9,2663
9/05/2005,4597.1,1279.9,5685.5
10/05/2005,3894.5,986.9,2127.4
11/05/2005,6701.7,-720.2,-4509.7
12/05/2005,2371.8,1174.2,8472.1
13/05/2005,-183.1,424,2501.5
16/05/2005,1931.8,588.9,3734.8
17/05/2005,4346.1,1388.9,6815.2
18/05/2005,2255.7,623.4,3129.1
19/05/2005,63.8,1347.6,4988.4
20/05/2005,3467.2,651.5,2280.8
23/05/2005,6429.7,-37,-4399.7
24/05/2005,2263.5,615,4966.3
25/05/2005,-326.3,-290.9,7222.4
26/05/2005,3054,580.8,2360.5
27/05/2005,4569.9,98.1,976.6
31/05/2005,3337,999.4,2196.4
1/06/2005,5550.2,1850,198.8
2/06/2005,2222.8,443.5,2110.8
3/06/2005,-83.1,-222.3,-315.5
6/06/2005,1611.9,462.8,5270.3
7/06/2005,4341,2054.8,2459.1
8/06/2005,2044.3,1778.3,1330
9/06/2005,-745.3,2541.9,-83.1
10/06/2005,2776.9,547.4,1064.7
13/06/2005,5333.6,1416.9,2965.9
14/06/2005,2364.9,1113.2,2357.2
15/06/2005,-247.5,112.3,4729.4
16/06/2005,2296.6,634.8,1639.3
17/06/2005,6236,2635.7,4570.3
20/06/2005,2300.7,1511.3,2857.1
21/06/2005,5123,2761.5,867.8
22/06/2005,3977.9,789.3,1833.1
23/06/2005,-760.7,-224.7,4066.7
24/06/2005,4019.6,1376.8,2084.4
27/06/2005,6350.6,2513.6,4101.4
28/06/2005,3152.3,1452.2,2867.7
29/06/2005,918.8,2760.9,4972.7
30/06/2005,14758.7,1227.7,1923.9
1/07/2005,23624.7,2055.4,3802.7
5/07/2005,3999.3,583.6,1923.4
6/07/2005,245.5,-232.3,-919.9
7/07/2005,3735.1,720.1,2041.8
8/07/2005,7080.2,1544,3687.8
11/07/2005,3709.9,1203.4,2969.7
12/07/2005,21.4,496.4,1966.3
13/07/2005,3299.3,906.2,1335.7
14/07/2005,6091,1636.1,-885.4
15/07/2005,3573.8,740,2222.8
18/07/2005,-1057.8,208.1,1071.7
19/07/2005,4230.4,920,2343.8
20/07/2005,7058.5,1863.1,3273.9
21/07/2005,2799.9,1411.4,2226
22/07/2005,5657.9,2141,400.4
25/07/2005,2943.2,866.5,1198.9
26/07/2005,279.2,-718.9,-926
27/07/2005,3194.5,793,1577.7
28/07/2005,6383.1,1231.6,3459.6
29/07/2005,3068.2,1090.9,1170.5
1/08/2005,5571,1873.7,2482.3
2/08/2005,2441.8,506.8,1555.7
3/08/2005,-909.1,1290.7,402.1
4/08/2005,3281.1,942,1209.3
5/08/2005,587.3,394.5,-1270.9
8/08/2005,3747.2,572.8,2191
9/08/2005,-237.3,1327.1,-232.8
10/08/2005,5062.4,574.9,2018.1
11/08/2005,8549.2,970.4,3466.6
12/08/2005,2724.5,840.4,1024.1
15/08/2005,6102.4,-12.4,263.2
16/08/2005,2484.5,664.7,1264.6
17/08/2005,5118.6,1146.8,2708.4
18/08/2005,3032.7,572.9,1352.4
19/08/2005,5956.8,1155.9,2845.6
22/08/2005,2856.2,444.1,1643.6
23/08/2005,-475.2,57.3,3154.2
24/08/2005,3748.8,502.4,1718
25/08/2005,1581.2,971.5,2525.5
26/08/2005,2995.9,797.8,1249.5
29/08/2005,4877,-32.2,-168.8
30/08/2005,2386.2,889.2,1531.4
31/08/2005,5231.2,2312.4,3234.3
1/09/2005,3004.7,1563.5,2855.8
2/09/2005,5512,557.6,1089
6/09/2005,3239.5,978.2,1684.3
7/09/2005,7096.9,1755.4,5211.6
8/09/2005,3615.2,1550.3,4550.6
9/09/2005,6142.3,4161.7,9289.6
12/09/2005,3935.2,1633.7,2703.2
13/09/2005,931,4175.5,1089.8
14/09/2005,2407.4,1426.9,2271.9
15/09/2005,-42.9,2764.3,3192.5
16/09/2005,3959.5,3099.7,4473.9
19/09/2005,1099.4,607.5,2162.1
20/09/2005,2664.7,1136.4,3679.5
21/09/2005,-277.8,-815.7,8558.9
22/09/2005,2442.4,3738.9,2840.8
23/09/2005,260.5,6868.3,585.8
26/09/2005,2589.2,1821.1,2914
27/09/2005,4580.6,-104.7,4674.4
28/09/2005,3060.1,1281.9,2826
29/09/2005,5884.1,2675.9,5547.7
30/09/2005,1855.9,1157.3,2905.7
3/10/2005,-285.6,-2591.2,6326
4/10/2005,2891.4,10009.9,5428.5
5/10/2005,-724.4,14245.4,1274.5
6/10/2005,3921.1,3102.2,3634.5
7/10/2005,6228,1529.2,6101.9
10/10/2005,1959.3,1955.6,1716.6
11/10/2005,-902,-316.9,3921.7
12/10/2005,3729.9,2215.8,2813.1
13/10/2005,324.6,3936.7,490.4
14/10/2005,2565.9,2658.8,1794.3
17/10/2005,7303,5261.5,-142.7
18/10/2005,7015.7,3254.7,2884.2
19/10/2005,11200.3,522.2,7828.4
20/10/2005,3332.2,1702.2,3361.6
21/10/2005,220.7,6196.2,5202.5
24/10/2005,2375.4,3627.1,2348.8
25/10/2005,5574.1,1264.8,5469.3
26/10/2005,2012.2,5361.4,1881.7
27/10/2005,82.2,1949.8,361.5
28/10/2005,2900.7,2504.4,2607.2
31/10/2005,-654.4,4116.3,4999.5
1/11/2005,3738.8,2824,2495.8
2/11/2005,7415.5,5048.1,-110.2
3/11/2005,2522.5,1793.3,2467.6
4/11/2005,46.4,3477.9,4425.7
7/11/2005,1821.3,1423.6,1975.1
8/11/2005,3716.3,78.7,287.3
9/11/2005,2414.9,1185.2,1388.8
10/11/2005,5420,5423.4,3836.9
11/11/2005,2076,1264.6,1787.2
14/11/2005,4381.2,3087,-535.5
15/11/2005,2582.5,1609,1575.6
16/11/2005,-2368.8,-165,2776
17/11/2005,3960.4,1714.8,2648
18/11/2005,7660.4,2708.8,4998.4
21/11/2005,2577.2,696.5,1576.5
22/11/2005,-1507.3,-553.1,-144.2
23/11/2005,2635,691.5,1442.3
25/11/2005,3800,242.5,1029.8
28/11/2005,2268,1231.7,2387.6
29/11/2005,4766.3,2496.4,3774.5
30/11/2005,2928.4,1276.1,1896.1
1/12/2005,5724.6,2564.9,3706.9
2/12/2005,1734.4,843.6,2270.6
5/12/2005,-1127.4,-1329.7,4711.5
6/12/2005,3448.6,2418.5,1999
7/12/2005,-372.4,947.2,4038
8/12/2005,2247,1677,1189.5
9/12/2005,4773.3,3750.7,2895.7
12/12/2005,1990.8,2354.3,1315.7
13/12/2005,-467.5,4261.1,3264.5
14/12/2005,2102.6,1870.4,2664.1
15/12/2005,-808.8,508.5,621.1
16/12/2005,4755.8,3883,2778.1
19/12/2005,7486.9,1970.9,121.9
20/12/2005,2974.1,1197.9,1915.7
21/12/2005,4893.8,1959.5,-47.9
22/12/2005,2386.5,925.1,1628.5
23/12/2005,1290.8,1461.7,2856.3
27/12/2005,1826.7,534.8,1269.5
28/12/2005,3454.6,1470.4,-380
29/12/2005,1374,650.6,864.6
30/12/2005,-354.6,212,-685.6
3/01/2006,3117.2,1214.4,2026.6
4/01/2006,559.2,2629.7,6619.8
5/01/2006,2529.5,939.9,1846.7
6/01/2006,5009,1685.8,3873.4
9/01/2006,1845.6,655.5,2199.2
10/01/2006,-74.3,1377.7,-873.7
11/01/2006,1911.8,744.3,1973.2
12/01/2006,-209.3,-458.7,-904.8
13/01/2006,1925.3,1452.8,2136.2
17/01/2006,-148.1,413.5,250.8
18/01/2006,1953.7,694.6,3051
19/01/2006,146.6,-239.8,8517.6
20/01/2006,3286.9,1650.2,4271
23/01/2006,6240.4,240.3,1024.2
24/01/2006,5511.2,1173.2,1977.5
25/01/2006,-1964,3426.1,-1614.5
26/01/2006,5027.5,1489,4126.8
27/01/2006,1214.4,3252.9,6363.7
30/01/2006,3463.6,1360.4,2052.1
31/01/2006,8781.5,-511.4,4453.7
1/02/2006,3828.1,1594.8,2169.6
2/02/2006,621,102,-885.5
3/02/2006,3258.3,1391.4,4332.3
6/02/2006,5809.8,2273.3,2693
7/02/2006,3133.2,1319.9,2355.5
8/02/2006,5979.3,-392.7,4563.3
9/02/2006,3798.1,1734.2,2558.2
10/02/2006,6730.5,3424.3,5788.9
13/02/2006,2320.3,894.5,1345.6
14/02/2006,6179.7,2528.9,-2279.3
15/02/2006,2672.9,957,2065.1
16/02/2006,-250.1,78.8,4771.3
17/02/2006,2338.6,848.4,2394.7
21/02/2006,-1367.7,1815.1,1060.9
22/02/2006,2674.1,1160.5,1234.8
23/02/2006,5368.9,-262.8,132.8
24/02/2006,1931.1,750.4,1470.5
27/02/2006,-843.2,1531.7,3833
28/02/2006,2695.3,1412.5,2616.7
1/03/2006,4732.1,2334.7,4382.4
2/03/2006,2657.2,1148.5,1770.1
3/03/2006,-514,-336.4,3190.1
6/03/2006,3587.2,869.9,1391.4
7/03/2006,6542,1632.1,2955.1
8/03/2006,2494.7,842.1,1539.5
9/03/2006,345.9,-196.3,3261.6
10/03/2006,1832.7,849.9,1460.7
13/03/2006,-164.9,1829,76.3
14/03/2006,2629,1372.9,1681.1
15/03/2006,5492.7,2344.4,3948.5
16/03/2006,4338.2,1137.1,1948.3
17/03/2006,288.7,-44.9,-1536.1
20/03/2006,1748.7,1060.9,2024.2
21/03/2006,-1449,51.7,20.2
22/03/2006,2954.7,567.8,1601.6
23/03/2006,6423.4,-423.5,567.2
24/03/2006,3419.4,1786.9,852.9
27/03/2006,6211.9,548.7,2200.9
28/03/2006,3511,1022.9,1402
29/03/2006,8819.2,-290.5,2436.1
30/03/2006,3362.6,1130,1272.4
31/03/2006,236.8,-554.9,3218.4
3/04/2006,3603,1386.2,2031.5
4/04/2006,7237.6,2760.2,5838.3
5/04/2006,2784.3,1148.9,2232
6/04/2006,13255.4,600.9,610.5
7/04/2006,4107.9,1036,2936.2
10/04/2006,1540.9,2348.5,5868.7
11/04/2006,2791.6,1208.1,2946.5
12/04/2006,5248.4,250.9,773.1
13/04/2006,1793.9,1329.6,1892.8
17/04/2006,-1328.6,2454.4,3555.1
18/04/2006,4374.6,2094.9,2940.2
19/04/2006,7297.1,5017.7,256
20/04/2006,4281.5,1669.4,1113.3
21/04/2006,13549.8,458.7,-106
24/04/2006,4363.7,988.4,987.1
25/04/2006,407.9,-679.2,-324.1
26/04/2006,2704.6,1683.8,1403.7
27/04/2006,-286.7,3673.6,3169.3
28/04/2006,2531,2003,2897.8
1/05/2006,-317.1,577.1,89
2/05/2006,3807.3,1438.1,2276.8
3/05/2006,7124.9,237.5,-340.4
4/05/2006,3324.7,989.1,1675.9
5/05/2006,6956.7,-811.6,5124.8
8/05/2006,3523.6,984.8,6629.7
9/05/2006,-516.1,159.1,9573.4
10/05/2006,2818.3,986.2,2046.1
11/05/2006,260.2,-578.7,-204.6
12/05/2006,2526.5,878.6,6104.6
15/05/2006,5124.6,1933.6,9081.3
16/05/2006,3198.7,917.1,3087.3
17/05/2006,-957.3,-424.3,-94.1
18/05/2006,2690.6,993.6,2409.2
19/05/2006,5487,2322.7,-1765.7
22/05/2006,3006.5,2017.1,3812.7
23/05/2006,222.9,3236.3,401.7
24/05/2006,2906.6,1888.8,2405.6
25/05/2006,84.7,248.3,5192.3
26/05/2006,1838,933.5,1723
30/05/2006,-496.6,-215.3,154.3
31/05/2006,3364.3,1322.5,5020.4
1/06/2006,5086.1,2808.9,7923.6
2/06/2006,2318.9,1973.7,2230.7
5/06/2006,-282.1,144.4,17.8
6/06/2006,4300.1,3619.2,2409.3
7/06/2006,502.3,6378.9,-182.9
8/06/2006,4435.4,2684.9,3723.5
9/06/2006,1874.2,1166.5,5537.4
12/06/2006,2535.1,974.9,2135.7
13/06/2006,-909.1,-458.5,-1679.9
14/06/2006,2488.9,1376.7,2855.1
15/06/2006,5679,4366.1,-1250.4
16/06/2006,3519.5,2870.4,2892.3
19/06/2006,1070.6,5101.9,-373.1
20/06/2006,2139.5,2828,3460
21/06/2006,4491.3,4966.2,5892.1
22/06/2006,1795.7,1486.9,1980.6
23/06/2006,4194.1,652.2,-75.1
26/06/2006,1626.9,1282.6,2369.6
27/06/2006,-900.5,444.9,8404.1
28/06/2006,1787.9,812.2,3338
29/06/2006,4568.3,2259.1,5641.7
30/06/2006,3275.8,1086.1,2600.6
3/07/2006,3930.4,1489.7,3625.7
5/07/2006,2158.1,1646.9,3488
6/07/2006,4438.6,2872.6,5718.1
7/07/2006,24360.4,775.1,5291.4
10/07/2006,15144.4,1912.2,8281.2
11/07/2006,5431.1,589.6,3366.7
12/07/2006,1110.4,1967.9,20.1
13/07/2006,4816,1320,2992.2
14/07/2006,465.1,140.7,5347.9
17/07/2006,5183.9,1304.8,3154.5
18/07/2006,10467,-269.1,-533.2
19/07/2006,5367.7,1413.1,3109
20/07/2006,8782,2638.9,1158.3
21/07/2006,5618.3,1724.1,3486.4
24/07/2006,9090.9,2956.3,7049.7
25/07/2006,18860.3,1528.2,2872.9
26/07/2006,28028.9,3404.9,-1395
27/07/2006,6141,1271.3,2854.4
28/07/2006,10152.6,2397.1,4952.6
31/07/2006,3075.4,1065.4,1985.4
1/08/2006,-328,319.6,4481
2/08/2006,4835.3,1456.7,2317.3
3/08/2006,239.4,468,4142.8
4/08/2006,4134.8,1147.7,5764
7/08/2006,521.1,30,16044
8/08/2006,4072.5,1533.8,3352.3
9/08/2006,491.5,-1054.7,6595.3
10/08/2006,3124.5,1384.1,2517.5
11/08/2006,6493.1,342.3,897.8
14/08/2006,4531.2,962.9,1588.8
15/08/2006,9181.8,1778.2,3952
16/08/2006,5245,672.1,3623.1
17/08/2006,8412.5,1579.7,1467.2
18/08/2006,2485.7,1316.8,2250.2
21/08/2006,48.8,2231.9,3826.5
22/08/2006,2092.8,997.1,1236.7
23/08/2006,-692.2,1564,109.7
24/08/2006,2485,593.6,1157.6
25/08/2006,-600.1,-123.6,2445.5
28/08/2006,2653.5,711.9,1635.1
29/08/2006,5861.5,1607.8,-906.7
30/08/2006,2572.1,545.5,1347.2
31/08/2006,4352.9,1979.5,3351.6
1/09/2006,2487.3,834.9,1458.5
5/09/2006,-425.7,-425.2,-782.3
6/09/2006,2503.7,926.5,2293.8
7/09/2006,-773.4,2420.1,-532.7
8/09/2006,2316.4,994.3,1413.2
11/09/2006,125.2,2867.3,-724.3
12/09/2006,3867.6,1328.6,2500.7
13/09/2006,7424,2294.8,4503.3
14/09/2006,2624.7,749.5,1761.2
15/09/2006,8281.4,1829.9,-744.3
18/09/2006,2478.7,766.1,1563.9
19/09/2006,-142.2,84.1,4083.4
20/09/2006,3855,2519,1090.8
21/09/2006,517.3,1482.8,-789.5
22/09/2006,2408.8,1142.5,2196.7
25/09/2006,6643.4,2565.1,4886.1
26/09/2006,4889.3,1587.2,1767.5
27/09/2006,1488.5,470.9,3628.9
28/09/2006,2737.2,1456.4,2043.4
29/09/2006,145,733.2,-198.1
2/10/2006,2943,1541.6,2780.1
3/10/2006,5917.1,3012,5887.2
4/10/2006,3025.2,1839.5,1959.2
5/10/2006,5641.7,3518.9,-154.7
6/10/2006,2595.1,837.7,2121.2
9/10/2006,777.2,1342.6,3787.4
10/10/2006,1898.5,1177.4,2471.7
11/10/2006,4563.9,2578.4,5678.5
12/10/2006,2110.7,1189,1653.2
13/10/2006,357.5,3591.4,166.5
16/10/2006,1933.1,1141.2,1792.2
17/10/2006,4450.1,2207.7,3219.6
18/10/2006,2566.5,746.1,2190.8
19/10/2006,5352.4,-174.4,3676.2
20/10/2006,8004.8,1453.6,2103.5
23/10/2006,13280.1,2644,5394.3
24/10/2006,3196.5,1497.7,2410
25/10/2006,898.9,4290,4193.6
26/10/2006,2392.2,1102.5,1646.8
27/10/2006,63.1,-549.3,3228.1
30/10/2006,1193.4,1543.9,1426.7
31/10/2006,-1483.9,540.2,3653.3
1/11/2006,2910.5,1292.6,1865.9
2/11/2006,5810.4,90.1,-67.1
3/11/2006,1815,975.9,1694.3
6/11/2006,3949,2499.5,8676.4
7/11/2006,2122.2,836.9,3800.5
8/11/2006,3853.7,335.8,7113.5
9/11/2006,3261.6,985.6,2810.4
10/11/2006,5350.5,1935.1,72.5
13/11/2006,2574.9,725.6,2485.7
14/11/2006,5512.8,-474.1,-465.5
15/11/2006,3439.1,881.9,2160.1
16/11/2006,1501.9,1562.8,3670.2
17/11/2006,3049.1,965.8,2483.2
20/11/2006,1173.4,1835.6,4836.3
21/11/2006,2842.3,1306.2,3877.7
22/11/2006,957.2,591.5,6236.5
24/11/2006,694.5,320.5,598.1
27/11/2006,-2139.4,-706.7,-2247.9
28/11/2006,2150.9,1061.1,3389.2
29/11/2006,3930.5,2120.7,5414.7
30/11/2006,2355,1461.7,2550.1
1/12/2006,-3120.2,15.1,5550.8
4/12/2006,2898.1,1630.3,2219.8
5/12/2006,163.4,2669.8,5319
6/12/2006,2385.4,657.8,5386.6
7/12/2006,-130.8,-319.7,2789.6
8/12/2006,5472.5,880.6,1661.7
11/12/2006,8284,1703.4,-1085.2
12/12/2006,4007.5,2545.4,4440.1
13/12/2006,6569.3,4351.8,8186.4
14/12/2006,3220.1,1336.7,4172.9
15/12/2006,-2995.8,-19,852.3
18/12/2006,2328.1,626.8,3321
19/12/2006,-516.7,1761.4,-1106.9
20/12/2006,2334.6,742.2,2747.9
21/12/2006,-33.7,1326.2,6418
22/12/2006,1660.8,569.3,2399.3
26/12/2006,-302.8,1127.2,4434.5
27/12/2006,1750.4,604.3,1894.6
28/12/2006,63.8,93.1,159
29/12/2006,1826.6,635.2,2527.8
3/01/2007,5608.3,-555.4,-218.6
4/01/2007,2969.6,1368.7,2487.6
5/01/2007,204.4,127.7,-878.3
8/01/2007,2434.5,1212.1,5538.8
9/01/2007,4331.4,-92.4,-12992.2
10/01/2007,1787.5,1227.5,10199.8
11/01/2007,4160,2695.1,4110.6
12/01/2007,2582.2,1220,6982.4
16/01/2007,5108.8,243.9,12393.9
17/01/2007,2711.3,1545.5,5121.4
18/01/2007,748.3,3068.9,2346
19/01/2007,2912.1,815.2,3727.2
22/01/2007,772.8,-1022.2,1015.1
23/01/2007,1949.5,1517.6,3010.2
24/01/2007,3722.2,2736.2,5159
25/01/2007,2888.7,1448.7,2677.6
26/01/2007,892.4,-76.3,5161.3
29/01/2007,3420.3,1416,3772.8
30/01/2007,-12238.7,2489.7,2249.7
31/01/2007,9286.7,2226.9,2401
1/02/2007,2784.2,4293.2,-1198.7
2/02/2007,5584.5,1000.8,2064.9
5/02/2007,11934.5,2170.2,5254.4
6/02/2007,4872.9,933.6,6451.8
7/02/2007,8924.8,-98.9,10236.3
8/02/2007,3840.2,2863.2,4986.7
9/02/2007,-182.1,1378.9,12069.1
12/02/2007,2972.7,1633.6,3289.2
13/02/2007,10165.9,-177.5,5506.7
14/02/2007,3888.6,1140.8,1770.4
15/02/2007,7516.1,2531.9,-834.5
16/02/2007,3795.1,1214.8,2286.7
20/02/2007,-167.1,211.8,5589.6
21/02/2007,2820.4,1037.4,2329.4
22/02/2007,5616,2057.2,250.3
23/02/2007,1987.4,959.8,2744.2
26/02/2007,-606.6,-255.1,6188.2
27/02/2007,5872.3,2282.7,4784.4
28/02/2007,582.1,4545.4,-491.8
1/03/2007,4471,1645.8,3825.4
2/03/2007,-537.7,271.7,-327.6
5/03/2007,4908.9,1947.6,6450.1
6/03/2007,9217.4,3923,16559.9
7/03/2007,3775.6,1481.3,5440.4
8/03/2007,7591.5,2581,180.4
9/03/2007,3346.2,1195.8,4901
12/03/2007,6566.4,-8.8,8246.4
13/03/2007,4431.7,2118.4,3497.5
14/03/2007,9044.9,5064.1,7383.8
15/03/2007,3930.1,2583.1,2964.7
16/03/2007,-1125.9,5806.1,-1178.6
19/03/2007,3200.5,1114.5,3644.2
20/03/2007,5580.1,2889.9,6890.1
21/03/2007,3086.3,2034.1,3557.6
22/03/2007,7291.6,832.6,-1321.4
23/03/2007,2780.9,1218.3,2449.4
26/03/2007,-761.2,2823.2,4771.8
27/03/2007,2692.2,1938.7,2866.6
28/03/2007,-494.1,-720.3,122.5
29/03/2007,4233.2,1559.8,3184.1
30/03/2007,7633.7,1.1,6.7
2/04/2007,2414.4,1223.5,3258.1
3/04/2007,5509.2,2115.6,-850.2
4/04/2007,2596.8,932.3,2196.6
5/04/2007,112.1,1828.1,3586.8
9/04/2007,2127.7,672.9,3682.3
10/04/2007,-22.1,1334.4,6855.3
11/04/2007,2798.6,743.3,2269.4
12/04/2007,5086.7,1598.2,-1710.8
13/04/2007,2453.6,739.9,3508
16/04/2007,4937.2,1683.2,8066
17/04/2007,2381.3,670.3,5369.3
18/04/2007,286.5,-816,9320.3
19/04/2007,3557.7,693.3,2963
20/04/2007,8299,1815.1,10011.7
23/04/2007,3573.8,880.2,3758.4
24/04/2007,-183.3,2437.1,6895.1
25/04/2007,4650.8,1873.5,2794.9
26/04/2007,18859.9,473.1,336.5
27/04/2007,6776.4,858.3,2092.3
30/04/2007,13098.1,-112.3,-2003.8
1/05/2007,5559.3,759.6,2631.4
2/05/2007,10831.4,2175.5,6623.6
3/05/2007,4869.2,1319.2,3001.7
4/05/2007,7805.3,83.4,6745.8
7/05/2007,3646.9,1169.3,3956
8/05/2007,240.2,2259.7,459.7
9/05/2007,4050.4,1055.9,3429
10/05/2007,869.1,3483.4,117.9
11/05/2007,4106.2,1333.8,4123.1
14/05/2007,608,4.3,782.1
15/05/2007,6580.2,1364.2,5092.5
16/05/2007,2535,2453.8,11363.1
17/05/2007,4203,1121.9,4399.3
18/05/2007,8156.5,2253.3,-1559.4
21/05/2007,3591.3,789.9,4254.4
22/05/2007,7158.7,1588.7,1040
23/05/2007,3463,1455.2,5518.7
24/05/2007,-989.6,100.6,-1760.5
25/05/2007,2793.8,908,5899.7
29/05/2007,-500.2,-858.7,1440.8
30/05/2007,3607.6,1441,4797.8
31/05/2007,7169.8,2935.5,17450.7
1/06/2007,2852.8,911,6249.1
4/06/2007,532.8,1919.2,580.7
5/06/2007,2529.3,1224.6,5719
6/06/2007,-480.1,146.6,-1773.4
7/06/2007,4791.3,1467.3,8526.1
8/06/2007,8393.8,3070.5,13887.3
11/06/2007,2923.7,1283.8,3130.3
12/06/2007,-502.1,-736.6,-2943.1
13/06/2007,4541.4,2120.4,4844.1
14/06/2007,7422.5,566.2,9282
15/06/2007,4520.8,1926.5,5224.9
18/06/2007,1730.9,51.5,2991.4
19/06/2007,2348.1,2901.8,3284.7
20/06/2007,-543,613.1,-363.8
21/06/2007,2723.4,2111.4,6541.4
22/06/2007,-2079,14939,15122.9
25/06/2007,2879.3,2757.5,7269.7
26/06/2007,-155.1,-332.7,14648.5
27/06/2007,3255.9,2483,7226.5
28/06/2007,913.5,-88.4,3199.9
29/06/2007,3322,2108.4,6445.7
2/07/2007,5729.3,3948.5,12130.3
3/07/2007,1053.2,989.8,2723.3
5/07/2007,-832.8,-779.9,-2167.4
6/07/2007,2009.3,1893.7,3844.1
9/07/2007,4332.9,3321.3,8692.6
10/07/2007,3430.7,2144.2,4921.8
11/07/2007,5998.3,292.9,9642.5
12/07/2007,4196.2,2397.9,7697.8
13/07/2007,7806,3449.2,11119.3
16/07/2007,4584.1,1019.2,4802
17/07/2007,7134.2,-930.8,376.3
18/07/2007,4352.5,1793.3,5114.5
19/07/2007,1564,3382.5,13048.1
20/07/2007,5109.5,1898.2,8907.4
23/07/2007,7877.4,3013.3,3659.6
24/07/2007,3644.3,2362.2,5764
25/07/2007,-1453.8,6400.4,12113.8
26/07/2007,7607.3,3858.1,6247.3
27/07/2007,13858.7,1387.1,-1046.4
30/07/2007,4845.7,2912.6,9214.6
31/07/2007,-878.9,396,-757.7
1/08/2007,5677.3,2519.1,9401.1
2/08/2007,9534.6,75.5,16289.4
3/08/2007,5021.4,2890.3,7126.6
6/08/2007,10739.1,5455.7,-7232.8
7/08/2007,4512.1,3208.6,13602.7
8/08/2007,9269.7,-91.7,22373.6
9/08/2007,5069.6,3100.6,8147.7
10/08/2007,-812.3,6983.8,16370.7
13/08/2007,3204.9,2334.7,6684.7
14/08/2007,-263.6,224,1355.7
15/08/2007,3913.3,1979.1,6874.7
16/08/2007,10631.8,5513.1,-1919.2
17/08/2007,6135.5,3079.7,8803.2
20/08/2007,9350.4,4660,12437.8
21/08/2007,3081.6,1394.5,4655.3
22/08/2007,6141.4,4036.8,10684.1
23/08/2007,2714.5,1832.1,4241.1
24/08/2007,5701.9,3606.5,7600.3
27/08/2007,2182.4,1008.1,4937.2
28/08/2007,-992.7,-569.1,-308.2
29/08/2007,2763.3,2090.8,5222.9
30/08/2007,6307.2,263.8,1683.5
31/08/2007,4938.1,1657.3,3862.5
4/09/2007,7990.2,3065.3,9834.1
5/09/2007,3231.4,1376.9,6923.3
6/09/2007,5871,189.1,13401.1
7/09/2007,3581.2,1528.9,6113.6
10/09/2007,-1656.8,3356.1,1639.2
11/09/2007,3369,1279.6,5244.1
12/09/2007,6545.2,-33.5,9429.8
13/09/2007,3090.9,1277.8,2834
14/09/2007,745.8,-55.7,6021.9
17/09/2007,1894.5,1448.1,6956.1
18/09/2007,6247.8,3834.8,13426.5
19/09/2007,4796.3,2126.6,7610
20/09/2007,1480.6,344.5,12095.7
21/09/2007,4976.5,2679.5,5265.2
24/09/2007,8174.7,1259.8,15045.6
25/09/2007,2409.6,1829.5,6005.5
26/09/2007,5816.9,-71.3,9157.3
27/09/2007,3255,1802.7,2997.2
28/09/2007,7100.6,3940.6,-730.4
1/10/2007,4186.6,2070.4,3961.6
2/10/2007,686.3,3944.8,821.5
3/10/2007,2833.5,1443.3,3757.5
4/10/2007,5242.9,2790.7,5893.5
5/10/2007,3760.2,1564.1,1913.9
8/10/2007,1543.4,2547.8,897.7
9/10/2007,3459.1,1417.4,3051.8
10/10/2007,6390.6,249.9,6816.1
11/10/2007,3679.4,1533.4,4331.4
12/10/2007,1058.3,3331.6,7172.8
15/10/2007,3028.8,1256.4,4065.3
16/10/2007,230.1,2.9,8170
17/10/2007,3415.5,1114.2,4114.3
18/10/2007,5911.6,-41,6711.6
19/10/2007,15249.1,1919.3,6183.4
22/10/2007,6255.2,3471.7,9302.4
23/10/2007,7482.8,1850.7,2428
24/10/2007,12488.5,-2593.7,5992.9
25/10/2007,4088.6,2833.7,2250.5
26/10/2007,6951.7,5241.2,5134.3
29/10/2007,3650.2,1389.5,2929.4
30/10/2007,857.8,-218,1254.5
31/10/2007,4638.6,1883,3113.1
1/11/2007,296.2,-377.7,-989.3
2/11/2007,4917.6,2292.1,9699.2
5/11/2007,8661.3,-50.2,13989.1
6/11/2007,3328,1434.9,10129.3
7/11/2007,-1157.4,-527.3,2863.6
8/11/2007,7583,1990,5553.5
9/11/2007,-1555.5,4230,880.4
12/11/2007,4726.7,1938.4,5974
13/11/2007,9741.3,3960.1,13663.7
14/11/2007,3663.1,1417.2,6968.1
15/11/2007,-540.9,-691.5,2663.5
16/11/2007,6464.7,2154.8,4729.4
19/11/2007,11487.6,-531.8,-482.6
20/11/2007,4429.5,3596,4686
21/11/2007,-273.8,6586.1,-1096.5
23/11/2007,1726,922.9,1460.8
26/11/2007,-2341.5,-1069.4,-3609.6
27/11/2007,4319.1,1635.7,5067
28/11/2007,8696.5,5017.6,11329.6
29/11/2007,3226.4,2483.5,3829
30/11/2007,-2512.3,4738.8,8043.9
3/12/2007,4272.1,1521.3,2473.6
4/12/2007,1083.1,-162.2,-373.1
5/12/2007,3255.8,1406.3,2978.3
6/12/2007,6193.2,2794.5,-4853.4
7/12/2007,3709.4,1448,3127.9
10/12/2007,7001.3,2657,6615.8
11/12/2007,4310.8,2154,4709.4
12/12/2007,11564.6,4737.8,9570.1
13/12/2007,4294,1935.2,3232.6
14/12/2007,920.8,396.7,-1014
17/12/2007,3731.4,1879.5,3369.8
18/12/2007,6811.8,215.9,8858.3
19/12/2007,3734.4,1688.4,3161.5
20/12/2007,335.8,3652.8,7172.5
21/12/2007,7042.8,2071.3,5545.9
24/12/2007,7932.2,2739.3,6996.2
26/12/2007,2142.3,902.5,2683.6
27/12/2007,-137.2,-108.6,-543.2
28/12/2007,2168,916.7,2840
31/12/2007,427.3,-57.2,754.4
2/01/2008,4453.6,2090.9,3065.8
3/01/2008,1729.3,-260.4,-48.7
4/01/2008,3620.3,1733.6,4319.4
7/01/2008,-603.4,4823.3,10136.2
8/01/2008,5711.2,2056.4,4819.2
9/01/2008,-711.1,4181,-3022.7
10/01/2008,6835.8,2846.2,4629.5
11/01/2008,-1578.7,764.5,742
14/01/2008,2927.6,4358.5,3362.5
15/01/2008,-1278.8,1641.9,-2486.1
16/01/2008,4467.4,2459.7,9844.4
17/01/2008,-2625.6,-3253,1435.4
18/01/2008,7053.1,6822.4,9097.2
22/01/2008,13631.1,11268,928.3
23/01/2008,7000.3,5861.9,7214.5
24/01/2008,2194.5,8944.9,12898.3
25/01/2008,3910.1,4811.5,5589.8
28/01/2008,8521.9,7835.2,9062.3
29/01/2008,5062.4,3169.6,3429.9
30/01/2008,9646.3,605.4,-317.5
31/01/2008,5432.9,3592.9,3675.8
1/02/2008,10172.6,5947.5,7730.6
4/02/2008,3377.3,1935.4,3011.5
5/02/2008,-1425.1,-511.3,12044.5
6/02/2008,3871.1,3388.7,5079.3
7/02/2008,386.8,6605.7,1345.3
8/02/2008,2821.9,2990.1,2687.6
11/02/2008,4919.1,254.6,5107.4
12/02/2008,3663.7,3117,3850.9
13/02/2008,7444.6,6322.4,8535.5
14/02/2008,2485.6,2245.8,3095.6
15/02/2008,-1147,4635.5,6462.1
19/02/2008,3493.6,1881.2,4235.1
20/02/2008,6736,4157.6,-117.4
21/02/2008,4084,1849.2,4470.3
22/02/2008,7574.8,3972.2,8480.7
25/02/2008,2936.5,2830.6,3156
26/02/2008,6114.1,5316.6,7085.5
27/02/2008,2804.8,2746.1,3998.6
28/02/2008,103.4,993.5,1212.7
29/02/2008,3091.2,2721.8,3406
3/03/2008,5516.7,77.6,8756.5
4/03/2008,4390,4610.1,4824.7
5/03/2008,8256.5,8745.7,8512.2
6/03/2008,4713.8,3274.6,5263.6
7/03/2008,-485.3,6315.3,855.8
10/03/2008,4207.2,1885.2,6690.6
11/03/2008,8584.9,4726.8,13987.9
12/03/2008,3962.1,2027.2,5369.3
13/03/2008,8254.3,4420.5,13467.3
14/03/2008,4882.8,4042.1,7069.4
17/03/2008,9933.4,7472.6,-1648.8
18/03/2008,4569.2,3146.9,9289.5
19/03/2008,118.6,735,2504.6
20/03/2008,6934.2,3174.6,10169.6
24/03/2008,11276.4,780.1,14621.5
25/03/2008,3888.7,2838.9,6888.3
26/03/2008,188.4,-373.1,10297.4
27/03/2008,3600.2,3531.4,5929.1
28/03/2008,5606.6,1289.9,10160.5
31/03/2008,3505.5,1991,5691.6
1/04/2008,8320.2,4301.4,12779.7
2/04/2008,2871.6,2020.2,5410.5
3/04/2008,-408.9,3758,644.5
4/04/2008,2800.6,1198.7,5617.9
7/04/2008,-281,2823.3,1175.1
8/04/2008,3469.4,1514.7,6208.9
9/04/2008,502.3,3437.5,10665.5
10/04/2008,3747.2,1647.3,5021.4
11/04/2008,-1865.9,146.5,15143.2
14/04/2008,4447.8,2135.2,4742.4
15/04/2008,7120.3,5097.5,9619.2
16/04/2008,5284.8,2494,3061.8
17/04/2008,2077.7,4742.2,-1591.3
18/04/2008,4716.6,2143.8,3800.1
21/04/2008,1808.8,732.3,1102
22/04/2008,2724.3,1414.3,3265.9
23/04/2008,-899.5,-1097.5,6766.5
24/04/2008,6323.3,1965.9,2481.8
25/04/2008,772,3310.6,4948.7
28/04/2008,5155.1,2124.2,4189.6
29/04/2008,1552,-106.5,-3069.3
30/04/2008,4691.3,3377.4,4233.2
1/05/2008,8475,5843.4,7236.7
2/05/2008,3756.6,1939.8,3938.6
5/05/2008,-89.2,440.8,857
6/05/2008,2891.3,1694.7,2957.1
7/05/2008,-1197.8,-286.7,-849.6
8/05/2008,3796,1751.8,4471.3
9/05/2008,-75.6,525.1,13562.1
12/05/2008,3552.1,1140.3,8845.9
13/05/2008,144.8,-526.1,12974.6
14/05/2008,2922.6,1444.5,5725.9
15/05/2008,6396.6,2885.1,10575.9
16/05/2008,4147.6,2015.5,4277.9
19/05/2008,7289.5,3024.5,277.7
20/05/2008,5215.3,1610.7,3312.3
21/05/2008,785.6,-119.2,-2612.8
22/05/2008,3843.1,1754.1,2712.8
23/05/2008,964.1,312.5,-762.8
27/05/2008,2789,1797.2,3408
28/05/2008,6470.5,186.1,8741.6
29/05/2008,3433,1780.7,3483.1
30/05/2008,-53.7,-98,8009.2
2/06/2008,3942.6,2025.3,6525.7
3/06/2008,-905.3,4253,2723.9
4/06/2008,4667.8,3115.3,6925.4
5/06/2008,8473.6,6845.6,10615.8
6/06/2008,5984.5,4238.7,4945.1
9/06/2008,10386.9,2236.4,10387.7
10/06/2008,2995.6,1913.2,3815.8
11/06/2008,-1909.9,-335.1,-654.9
12/06/2008,3791.6,1904.4,3244.7
13/06/2008,7706.7,3681.7,8557.1
16/06/2008,4156.4,2559.1,2877.9
17/06/2008,594.8,909.4,6488.4
18/06/2008,3561.3,2294.5,4736
19/06/2008,17.2,446.8,8494.3
20/06/2008,7367.7,2982.9,6178.3
23/06/2008,4363.3,1046.7,9802.3
24/06/2008,4535.3,3151.7,5866
25/06/2008,9381.5,754.6,251.5
26/06/2008,7371.8,2102.3,5200.4
27/06/2008,-109.8,-80,12536.6
30/06/2008,5333.7,2192.3,5531.1
1/07/2008,11686.7,5026.7,11869.8
2/07/2008,4661.2,2256.2,4562.8
3/07/2008,7744.7,3406.4,8148.6
7/07/2008,4913.3,3988.6,6552.5
8/07/2008,10077,8267,-2576.4
9/07/2008,6226.8,5750.7,6061.2
10/07/2008,11513,965,-2281
11/07/2008,6262.3,14044.9,4947.6
14/07/2008,11380.2,6254.1,1291.9
15/07/2008,8229.9,27843,11543.7
16/07/2008,12866.4,48548.2,3242.8
17/07/2008,5856.3,74437,5971.6
18/07/2008,1382.5,83940.1,14099.2
21/07/2008,3354.6,7248.6,4091.6
22/07/2008,9159.4,18041.6,-134.6
23/07/2008,4189.7,12777.4,4802.6
24/07/2008,10704.6,4166.2,-1293.5
25/07/2008,4947.5,6825.8,4682.4
28/07/2008,114.9,2625.9,9812.6
29/07/2008,3599.6,6887.6,3911
30/07/2008,7459.7,16138.1,7952.5
31/07/2008,4254.2,5469.9,7805.1
1/08/2008,1227.9,10003.6,30.4
4/08/2008,2279.6,3880.3,8186
5/08/2008,7158.2,8746.8,18016.1
6/08/2008,3928.9,2770.8,6619.5
7/08/2008,-395.3,-1465.7,12170.4
8/08/2008,5424.9,3074.4,11779.8
11/08/2008,10886.4,6817.3,17457
12/08/2008,4091.1,3475.7,3800.8
13/08/2008,243.6,1291.5,-1411.7
14/08/2008,2992.1,3541.7,6863.4
15/08/2008,7399.9,1297.7,11668.7
18/08/2008,4294.6,1519.2,4004.3
19/08/2008,606.4,-2111.8,-434.7
20/08/2008,2930.8,2124.5,4618.7
21/08/2008,5908.8,5249.3,7832.6
22/08/2008,3062.3,2421.1,4139.1
25/08/2008,-670.9,914.9,491.3
26/08/2008,2761,2287.3,2936.3
27/08/2008,6242.3,3624.8,5936.9
28/08/2008,3889.5,1754.6,2415.1
29/08/2008,449.4,4164.8,-218.5
2/09/2008,4766.8,1851.4,5944.6
3/09/2008,-944.2,4166.6,-4942.8
4/09/2008,6032.2,2975.8,8631.4
5/09/2008,579.7,6094.3,15663.2
8/09/2008,6063.3,3994.8,6136.8
9/09/2008,-564.5,1253.4,-7664.2
10/09/2008,5741.3,2244.5,11014
11/09/2008,10928.4,4660.4,-456.9
12/09/2008,5702,3410.7,12113.9
15/09/2008,-1201.9,8323.6,3969.8
16/09/2008,8718.7,9184.7,12643.4
17/09/2008,-182.9,213.4,-4559.6
18/09/2008,10870.3,9103.1,19026.3
19/09/2008,21048.5,15131.9,34597.9
22/09/2008,5715.8,2627.9,7152.5
23/09/2008,-70.6,-721.6,12740.3
24/09/2008,5756.7,2025.7,6035.3
25/09/2008,11047.9,5543.2,11642.4
26/09/2008,4302.5,2936.1,5716.9
29/09/2008,-3944.4,-42.4,-4816.6
30/09/2008,7094,2571.4,5534
1/10/2008,2478.3,568.4,655.7
2/10/2008,7880,2584.7,6733.3
3/10/2008,1292.1,-574.8,-571
6/10/2008,10948.9,3710.6,13598.5
7/10/2008,2150.8,-3.3,29482.5
8/10/2008,13349.2,6780.8,14983.3
9/10/2008,1701.3,-1750,5108.2
10/10/2008,16317.3,8209.7,17104.6
13/10/2008,26829.6,11664,24613.5
14/10/2008,10623.5,5313.2,13832.3
15/10/2008,974.8,2384.8,4110.5
16/10/2008,10485.6,4314.5,12998.4
17/10/2008,3197.6,8352,24729
20/10/2008,6670.1,2292,14758.6
21/10/2008,17414.2,-456.8,6132.2
22/10/2008,11002.3,3998.8,11790.5
23/10/2008,26121.5,8057.7,25249
24/10/2008,10095,3758.7,9916.2
27/10/2008,19367.2,-900.6,4158.4
28/10/2008,9359.7,4370.1,12792.2
29/10/2008,-1918.2,15944.7,2685.2
30/10/2008,7141.1,9137.2,12608.5
31/10/2008,14400.4,13757.9,4305.2
3/11/2008,3677.6,3753.1,5373.3
4/11/2008,9577.7,7407.1,-3412.8
5/11/2008,8213.3,3600.4,9082.2
6/11/2008,370.4,1070.1,1171.2
7/11/2008,6134,3720.5,12839.6
10/11/2008,11973.6,1477.1,2938.5
11/11/2008,6573.5,2330.4,10660
12/11/2008,-1630.3,-1645.1,19400.8
13/11/2008,11086.6,4103.9,22789.6
14/11/2008,4089.9,787.5,34071.4
17/11/2008,6577.6,2950.2,9333.3
18/11/2008,15801.6,-1242.7,1232.6
19/11/2008,8330.1,16743.4,8586.6
20/11/2008,-3187,9166.5,-5962.9
21/11/2008,14803.7,6370.6,10288.8
24/11/2008,25421,10162.5,361.6
25/11/2008,8689.7,3362.1,10225.1
26/11/2008,15085.7,6641.5,17009.1
28/11/2008,3205.5,1612.5,3551
1/12/2008,-6510.2,-2925.2,-5579.1
2/12/2008,11934.4,3623.6,12401.1
3/12/2008,2961.6,7865.1,-2795.8
4/12/2008,9290.8,4089.2,9626.8
5/12/2008,19562.9,8009.5,-5974.5
8/12/2008,14082.9,4022.9,11081.8
9/12/2008,5294.3,1067.1,17652.2
10/12/2008,5391.7,2769.4,7617
11/12/2008,-2013.6,125.6,11852.7
12/12/2008,4723.3,2433.4,7883
15/12/2008,-833.7,4663,2536.1
16/12/2008,9335.1,2471.8,10959.4
17/12/2008,15255.2,194.8,-3830.6
18/12/2008,5573.2,2941.9,11763.7
19/12/2008,-1963.8,5004.8,-1060.5
22/12/2008,4210.6,2105.2,7714.5
23/12/2008,924.6,515,3216.9
24/12/2008,1340.8,412.8,1157.5
26/12/2008,2975,1038.3,2852.5
29/12/2008,3037.7,1260.6,5222.2
30/12/2008,6812.7,3127.5,8634.2
31/12/2008,4005.8,888.4,6924
2/01/2009,9312.8,1761.1,11812.8
5/01/2009,3768.7,1502.5,8997.4
6/01/2009,8736.6,-1516.2,20238.1
7/01/2009,4598.3,1898.1,6976.9
8/01/2009,8543.1,3657.8,15097.5
9/01/2009,3661,2338.6,6568.9
12/01/2009,-521.5,-70.3,-2545
13/01/2009,4430,2463.9,7272.2
14/01/2009,-91.2,-484.2,-1796.9
15/01/2009,4777.3,3336.9,11479.2
16/01/2009,10399.1,6612,20857.9
20/01/2009,5684.1,3326.5,6001.2
21/01/2009,11577,7006.4,12322.7
22/01/2009,4788.9,4100.4,5600.7
23/01/2009,-895.8,291.8,13644.3
26/01/2009,5185.6,2471.7,7104.9
27/01/2009,9908.6,4833.5,14069.6
28/01/2009,6105.7,3606.3,4469.8
29/01/2009,14260.4,1171.3,1094.1
30/01/2009,7620.2,3733.6,5300.1
2/02/2009,-1432.8,1347.5,13228
3/02/2009,7716.9,3240.5,4548.1
4/02/2009,2994.6,8267.1,8235.7
5/02/2009,5291,2781.6,4968.5
6/02/2009,10597.1,6617,9464.6
9/02/2009,7147.2,1907.6,4377.6
10/02/2009,237.4,-713.3,-3961.6
11/02/2009,5847.6,2145,5026.8
12/02/2009,-2647.9,4457.1,12128.2
13/02/2009,4810.6,2886.2,4212.5
17/02/2009,-3843.5,-515.7,-3662.5
18/02/2009,4963.8,3062.3,6179.6
19/02/2009,-591,7845.2,11668.7
20/02/2009,8729.8,4160.2,8250
23/02/2009,1953.1,599.5,-2910.5
24/02/2009,8260.4,4031.8,4994.6
25/02/2009,-307,1015.2,-3855
26/02/2009,6426.5,3534,9196.7
27/02/2009,-486.1,76.1,-5020.7
2/03/2009,8116.7,4576.1,10172.1
3/03/2009,17199,361.7,-491.1
4/03/2009,9040.5,4241.4,5914.3
5/03/2009,820.7,-702.7,-3132.9
6/03/2009,9174.8,3923.2,12716.5
9/03/2009,16325,-349.2,7829.3
10/03/2009,10699.9,5065.4,8490.3
11/03/2009,18935.2,558,16466.3
12/03/2009,6201.4,4625.9,9973.1
13/03/2009,11259.7,8535.1,19843.6
16/03/2009,5167.2,3853.6,7449.8
17/03/2009,10144.8,6734.9,424.6
18/03/2009,6244.3,6889.4,6555.1
19/03/2009,-749.3,2164,-2055.7
20/03/2009,8475.5,3434.2,7467.7
23/03/2009,15914.1,6700.7,13647.5
24/03/2009,4962.9,2856.1,5432.1
25/03/2009,12809.7,-602.7,-1925.1
26/03/2009,7299.2,4499.2,12154.4
27/03/2009,2615,7916.4,2962
30/03/2009,4797.7,3150.2,9141.5
31/03/2009,11981.4,7110.3,17485.8
1/04/2009,5773.1,2865.1,5442.3
2/04/2009,12734,6557,18067
3/04/2009,4931.1,3650.1,7462.5
6/04/2009,1045.8,1195.2,14095.5
7/04/2009,4062.2,2076.5,6322.4
8/04/2009,8151.5,6325.9,15538
9/04/2009,5753.9,4675.6,10260.6
13/04/2009,10340,8618.1,3341.7
14/04/2009,4634.3,4202.8,7792.6
15/04/2009,9162.1,6919.9,12887.6
16/04/2009,5735.5,2834.9,9097.5
17/04/2009,-905.4,179.2,17540.7
20/04/2009,4697.2,3018.5,11349.6
21/04/2009,9756.2,5969.5,20211.1
22/04/2009,5893.8,3262.6,7911.1
23/04/2009,12105.3,7202.8,697.4
24/04/2009,11541.2,3392.1,6567
27/04/2009,18977.6,6223.7,-2129.8
28/04/2009,4552.7,2378.5,8040.4
29/04/2009,9177.8,7757.6,15882.5
30/04/2009,5361,4616,15800.1
1/05/2009,9444.1,2544,25806.8
4/05/2009,4520.3,2959.8,15039.3
5/05/2009,217.6,286.7,21949.6
6/05/2009,5067,4992.1,6554.7
7/05/2009,-560.5,780.2,-1680.1
8/05/2009,5408.1,5991.1,19658.8
11/05/2009,1512,2287.1,10442.5
12/05/2009,4082.7,2374.2,5116.7
13/05/2009,-1597.6,-400.1,-1913.9
14/05/2009,4640.8,2833.5,11755.1
15/05/2009,-106.4,652.8,3719.4
18/05/2009,4226.2,2498,9292.6
19/05/2009,125.8,-506.1,18789.8
20/05/2009,3736.8,3423.7,13249.4
21/05/2009,-988.1,6168.4,7390.7
22/05/2009,3773.9,1477,6998
26/05/2009,7913.8,3700.7,14675.3
27/05/2009,4904.9,2338.1,13844.4
28/05/2009,8838.2,4168.2,24209.4
29/05/2009,3782.7,2565.1,11788.1
1/06/2009,9790,4218.8,23120.2
2/06/2009,4230.9,2849,7394.4
3/06/2009,303,5504.3,53.8
4/06/2009,3282.1,2724,8523.7
5/06/2009,9924.3,529.6,1428.7
8/06/2009,5144.4,1036.9,5302.4
9/06/2009,753.9,-600.7,-1429.5
10/06/2009,4433.1,1636.9,6924.9
11/06/2009,8060.3,354.8,14150.9
12/06/2009,3229,971.6,7467.7
15/06/2009,-1002.6,-386.7,-257
16/06/2009,3791.5,1401.1,5757.4
17/06/2009,7617.6,-182.4,-644.4
18/06/2009,3194.5,2887.7,7570.3
19/06/2009,9062.6,5189.4,14402
22/06/2009,5272.9,2053.5,8381.5
23/06/2009,1111.7,4411.2,17886
24/06/2009,4447.6,2452.7,20811.3
25/06/2009,8255.4,4357,34347.2
26/06/2009,2989.1,1947.5,9040.8
29/06/2009,6183.4,233.6,18227.2
30/06/2009,6597.2,1461.8,13425
1/07/2009,10437,2759.7,24200.7
2/07/2009,5583.1,2328.8,10418.2
6/07/2009,11374.7,4927.6,-1328
7/07/2009,7289.3,2458.6,11618
8/07/2009,13390.7,134.9,24667.6
9/07/2009,3164.4,1652.1,5294.7
10/07/2009,7075.9,-62,10757.4
13/07/2009,4041.6,2000.2,6540.7
14/07/2009,7579.8,301.3,15703.2
15/07/2009,5023.4,1749.1,9448.9
16/07/2009,9152.3,3708.1,3975.9
17/07/2009,4580.7,2100,4734.4
20/07/2009,8405.5,56.3,12557.5
21/07/2009,5029.9,1980.9,8858.8
22/07/2009,9192.6,3784.6,2186.9
23/07/2009,10779.2,1877.7,7936.9
24/07/2009,4651.2,3890.2,17894
27/07/2009,4161.6,1488.8,7313.4
28/07/2009,-232.9,4421.8,586.2
29/07/2009,4666.9,1520.9,5502.3
30/07/2009,8939.2,-120.8,11418.4
31/07/2009,4484.1,1488.5,4436.8
3/08/2009,10055.5,2867.7,10805.4
4/08/2009,4795.2,1819.1,6852.4
5/08/2009,268.4,493.5,2564.9
6/08/2009,4297.4,1891.1,6504.6
7/08/2009,8752.5,4406,18255
10/08/2009,5923.8,926.4,11061.5
11/08/2009,10725.8,-112.1,3238.9
12/08/2009,4806.7,1371.3,6899.8
13/08/2009,9155.3,-16.8,13879.5
14/08/2009,3597.6,1063.3,4288.6
17/08/2009,-823.3,-1474.7,-2043.5
18/08/2009,3417.7,2241.6,4699.2
19/08/2009,7325.1,3501.2,12068.1
20/08/2009,2542.7,1886.3,3993.1
21/08/2009,6867.3,470,9528.2
24/08/2009,2508,1446,7951.3
25/08/2009,5949.9,2609.7,1004.5
26/08/2009,4703.6,1027.7,7074.8
27/08/2009,8780,2735.4,1781
28/08/2009,3493.3,1750.6,5537.5
31/08/2009,6842.4,765.1,1070.7
1/09/2009,5864,1507.6,6257.3
2/09/2009,9122.9,164.6,-1519.9
3/09/2009,3194.6,1596,3990
4/09/2009,5446.3,88.8,7791.9
8/09/2009,3368.6,1127,4946.3
9/09/2009,8139.7,-161.7,9882.6
10/09/2009,4135.3,1434.3,4136
11/09/2009,803.9,245.9,8327.8
14/09/2009,3466.5,1331.9,11400
15/09/2009,7033.3,-125.9,4330.6
16/09/2009,2723,2309.5,8114.8
17/09/2009,-650.5,796.2,2219.5
18/09/2009,4387.8,1768.1,6844.7
21/09/2009,1826.1,4323.6,15088.5
22/09/2009,2209.9,3159.2,9490
23/09/2009,-1134.5,5026.8,1909.5
24/09/2009,3109.5,2097.1,6930.3
25/09/2009,-361.1,4868.2,2356.3
28/09/2009,2390.4,1444.3,3734.3
29/09/2009,-810,2780.8,10346.1
30/09/2009,4561.8,1434.5,8354.7
1/10/2009,199.1,4458.3,-430.6
2/10/2009,3242.9,1822,6396.2
5/10/2009,5878.8,3523.4,13565.1
6/10/2009,2730.6,1231.4,7383.5
7/10/2009,-436.9,2370.6,13024.1
8/10/2009,3298.8,1517.3,6799.6
9/10/2009,6102.5,130.7,2681.1
12/10/2009,2405.4,906.9,3292.2
13/10/2009,-54.7,-435.2,-671.2
14/10/2009,4121.8,983.2,5682.9
15/10/2009,7815.4,-29.8,1279.2
16/10/2009,3332,1567.2,6021.5
19/10/2009,6398.6,2577,10215.1
20/10/2009,3508,1402.9,6375.1
21/10/2009,7048.9,-411.7,11846
22/10/2009,7187.4,3392.2,5905.8
23/10/2009,1732,1693.6,-842.3
26/10/2009,3881.3,1462.9,6555.3
27/10/2009,-621.2,-197.9,-2754.9
28/10/2009,4401.5,3332.8,11483.5
29/10/2009,8604.6,5081.8,20225.2
30/10/2009,4532.4,3003.8,11762.3
2/11/2009,8464.2,4284.1,19515.7
3/11/2009,3483.1,1323.5,5408.4
4/11/2009,7559.2,2569.3,-1555.9
5/11/2009,3097.7,2112.5,4279.8
6/11/2009,1232.6,3437.8,16942
9/11/2009,3950.7,1305.4,18973.2
10/11/2009,7454.5,154.9,5910.7
11/11/2009,2876.4,1733,14172.5
12/11/2009,424.8,204.5,5045.1
13/11/2009,2424.6,1450.2,6412.9
16/11/2009,5419.1,-1320,12537.7
17/11/2009,3094.5,1762.7,5920.5
18/11/2009,554.1,-170.1,1206.8
19/11/2009,2527.8,2906.4,8682.9
20/11/2009,-499.7,-91.5,-1916.3
23/11/2009,3397.5,2863,8673.4
24/11/2009,620.8,5061.9,2554.6
25/11/2009,1939.2,2911,6108.2
27/11/2009,73.3,200.8,2286
30/11/2009,3930.1,2285.8,6611.2
1/12/2009,6988.6,6164.1,13319.4
2/12/2009,2977.2,2866.2,6082
3/12/2009,-15.6,146.4,1408
4/12/2009,4375.9,2535.6,12726.4
7/12/2009,1319.9,4898.1,7874.7
8/12/2009,5046.7,1651,5298.2
9/12/2009,11646.1,3575.6,-501.4
10/12/2009,5051.5,1218,7469.9
11/12/2009,9840.5,2595,12582.8
14/12/2009,4999.4,2180.9,5635.2
15/12/2009,9633.1,-1378.5,16260.4
16/12/2009,3979.2,1887.6,7268
17/12/2009,137.6,-225.3,1855.6
18/12/2009,6667.9,1648.6,6330.5
21/12/2009,9429.2,-254,9827
22/12/2009,1844.7,1444.9,4473.8
23/12/2009,3744.9,2854.5,8382.7
24/12/2009,931.2,525,1523.9
28/12/2009,3285.4,1628,4286.2
29/12/2009,3866.1,1379.3,3744.5
30/12/2009,1271.1,2338.4,1244.5
31/12/2009,2050,970,3479.8
4/01/2010,5093.7,-1700.4,8077.4
5/01/2010,2849.6,9280.4,5093.2
6/01/2010,8118.2,3801.3,-2414.3
7/01/2010,4470,7213.3,16843.8
8/01/2010,7875.8,4729.1,22491.2
11/01/2010,2927.6,3899.1,8616.5
12/01/2010,5959.3,6911.8,2913.3
13/01/2010,3102,2293.8,5488.4
14/01/2010,467.9,4738.5,9809.3
15/01/2010,3955,2105.1,5588.4
19/01/2010,8455.3,4433.8,10287.7
20/01/2010,3671.2,1519.2,6220.7
21/01/2010,-1112,-673.5,152.7
22/01/2010,4809.1,3630.3,6531.2
25/01/2010,8195.6,5238,12733.2
26/01/2010,3138,2622.7,4829.3
27/01/2010,8204.8,3948.1,-7142.8
28/01/2010,6821.9,1801.4,8803
29/01/2010,2474.7,4634.1,-4895.7
1/02/2010,3635.6,2368.2,5800.4
2/02/2010,-1054.7,5078.4,9975.7
3/02/2010,3401.5,3324.8,3366.6
4/02/2010,-1911.1,-2108.5,-13120
5/02/2010,5408,3492.1,9749.8
8/02/2010,1000.4,1319.4,14998.1
9/02/2010,4252.5,1739.7,9419.6
10/02/2010,1807.3,3039.4,1268
11/02/2010,5525.4,2167.1,8128.4
12/02/2010,81.6,4277.8,-2700.2
16/02/2010,3620.6,2424.7,18711.9
17/02/2010,525.5,5350.7,29848.2
18/02/2010,2702.4,2134.4,7280.8
19/02/2010,5921,3589.8,13986.2
22/02/2010,3025.4,1303.6,4871.5
23/02/2010,-957.9,-218.9,-569.6
24/02/2010,3530.7,1892.8,6354.3
25/02/2010,-575.6,3804.2,-10.5
26/02/2010,3224.4,1979.4,7000.1
1/03/2010,5769.5,3866,-9674.5
2/03/2010,3365.5,1422.4,13684.7
3/03/2010,513.3,2696.3,22284.4
4/03/2010,2620.2,1196.7,6509
5/03/2010,5764.3,2659.4,13289
8/03/2010,3627.9,1156.7,8339.4
9/03/2010,7877.6,-2009.2,1175.8
10/03/2010,3584.6,3305.9,12658.3
11/03/2010,-466.7,6580.8,21828.5
12/03/2010,2945.8,2362.3,5814.1
15/03/2010,323.5,5087.2,-2788.3
16/03/2010,4242.1,1296.9,5306.1
17/03/2010,8231.8,3368.9,-3687.9
18/03/2010,4940.5,1485.6,5940.3
19/03/2010,-1935.6,5733.9,-3768.5
22/03/2010,3256.6,3447.7,13087.9
23/03/2010,7409.6,6046.1,4208.8
24/03/2010,3102.5,2009.1,11099.1
25/03/2010,-1840,303.2,-3959.3
26/03/2010,3815.3,1961.4,8682.5
29/03/2010,6918.1,711.9,16709.9
30/03/2010,8704.5,1080.4,6992.4
31/03/2010,4367.9,-482.8,-2046.9
1/04/2010,2965.8,1386.4,7927.3
5/04/2010,5566.5,-308.1,19293.2
6/04/2010,3208.5,1585.8,8671.3
7/04/2010,-1254.9,3801.5,835.7
8/04/2010,3757.7,1413.8,7767.8
9/04/2010,6642.6,3083.3,15678.1
12/04/2010,2626.1,1244.4,5488.4
13/04/2010,6882,2739.5,-1395.2
14/04/2010,3632.1,1598,9120.2
15/04/2010,8167.6,13.7,16908
16/04/2010,5343.1,1736.1,19694.7
19/04/2010,8897.3,-167.6,28488.3
20/04/2010,5734.9,1981.2,8423.4
21/04/2010,10257.8,-279.5,17965
22/04/2010,4627.7,2165.5,10428.5
23/04/2010,8618.3,5060.8,19033.7
26/04/2010,6290.2,1882.4,11075.2
27/04/2010,17432.3,-1141.6,-3556.7
28/04/2010,5730.6,3428,7572.5
29/04/2010,11014.8,40.4,13278
30/04/2010,5262.1,2459.2,6231.4
3/05/2010,9909.8,9.9,15900.3
4/05/2010,5456.5,1336.9,9796
5/05/2010,576.6,2918.8,79.4
6/05/2010,9157,2382.5,15479.2
7/05/2010,788.1,527.6,-6135.8
10/05/2010,6271.6,1989.3,12475.2
11/05/2010,1509.4,3499,22488.7
12/05/2010,3431,4820.7,8417.4
13/05/2010,116.2,1749.2,3543.1
14/05/2010,4138.4,2459.8,6201.8
17/05/2010,7330.1,4578.7,-5103.2
18/05/2010,5220.3,2259,11215.3
19/05/2010,-1184.9,5639.5,-23.7
20/05/2010,8753.2,4088.3,15325.3
21/05/2010,15242.8,-889.2,31504.1
24/05/2010,3633.4,4841.4,7644.8
25/05/2010,-2071.8,306.4,20399.5
26/05/2010,4720.9,3305.7,14321.7
27/05/2010,9275.8,6216.9,21898.9
28/05/2010,6482.7,2552.4,6248.7
1/06/2010,2142.6,-2057.2,-6860.3
2/06/2010,5773.6,3539.4,10818.8
3/06/2010,-2107.3,5867,19262.1
4/06/2010,8152.8,2655.7,9550.8
7/06/2010,2205,5414.1,17704.2
8/06/2010,7229.4,2790.2,7460.4
9/06/2010,2424,5973.4,16682.7
10/06/2010,6204.5,1982.6,10847.3
11/06/2010,10840.7,3942.7,17223.1
14/06/2010,3612,2105.8,6985.6
15/06/2010,6845.2,4008.2,13011.9
16/06/2010,5359.7,1577.8,5949.8
17/06/2010,9336,3152.8,-624.8
18/06/2010,5260.7,2699.2,9506.5
21/06/2010,9325.1,4211.7,15584.8
22/06/2010,3117.4,4685.5,7157.4
23/06/2010,6684.6,1131.2,1710.1
24/06/2010,4340,3706.4,9017.1
25/06/2010,8679.8,26112.1,25175.4
28/06/2010,3100.5,3621.8,4400.2
29/06/2010,-5445.7,-363.8,-4017.3
30/06/2010,6944,3020.1,9741.5
1/07/2010,132.3,693.3,1570.9
2/07/2010,3776.8,2324.6,4869.9
6/07/2010,7789.5,5316.2,-3767.6
7/07/2010,4957.8,3317,17659.3
8/07/2010,8933.6,5489.2,9555.2
9/07/2010,2817.3,18243.4,12917.7
12/07/2010,6024,27997,19362.1
13/07/2010,5137.4,9211.5,4839.1
14/07/2010,2022.9,-64023.6,-1047.7
15/07/2010,4642,7620.8,5184.8
16/07/2010,339.6,3173.5,-2383
19/07/2010,3054.1,4106.4,3161.1
20/07/2010,6104.9,7935.2,7211.5
21/07/2010,4992.6,5506.7,4990.2
22/07/2010,12146.4,10414.8,10478.2
23/07/2010,4561.1,3474.3,5934.3
26/07/2010,9401,7757.6,10099.3
27/07/2010,4243.9,4093.4,6921.8
28/07/2010,1418.3,-677.1,3651.3
29/07/2010,3344.6,3565.5,4291.5
30/07/2010,-1403.8,7075.4,158.1
2/08/2010,3639,2627,5463.4
3/08/2010,782.5,4792.3,451.1
4/08/2010,2225.1,3722.4,3318
5/08/2010,-301.6,2207.8,7370.1
6/08/2010,2701.3,2107.9,7938.1
9/08/2010,5892.2,3648,16983.7
10/08/2010,3642.9,1773.4,9361.4
11/08/2010,-862.7,-23.5,3681.7
12/08/2010,3435.7,2713.4,4506.8
13/08/2010,5517.2,5102.4,8884.8
16/08/2010,2362,1962,4505.8
17/08/2010,6745,4435.4,9249.3
18/08/2010,3198.9,2291.6,4265.7
19/08/2010,-760.5,-3.9,-258.2
20/08/2010,4355.4,1722.8,5073.6
23/08/2010,7599,208.3,8343.1
24/08/2010,4477.3,2884.6,6724.2
25/08/2010,8056.1,5619.1,14293.2
26/08/2010,3586,2275.9,7605
27/08/2010,7031.8,4574.8,11987.4
30/08/2010,2414.3,2136.8,2539.8
31/08/2010,-2541.7,7177.4,-3699.7
1/09/2010,4507,4521.2,5449.5
2/09/2010,6991.4,1727.3,9172.1
3/09/2010,2939.6,3222.4,3586.7
7/09/2010,-166,1295.1,686.8
8/09/2010,2789.6,2168.4,3858.4
9/09/2010,5262.8,4109.3,6741.8
10/09/2010,2166.4,1876.5,2354.3
13/09/2010,5034.6,4189.3,6704.6
14/09/2010,3319.8,2414.3,3480.5
15/09/2010,1142.5,4016.9,-1130.5
16/09/2010,2436.4,2370.5,1989.2
17/09/2010,8409.3,6273,-2338.4
20/09/2010,3665.9,1405.3,5320.8
21/09/2010,-19.4,-265.3,12319
22/09/2010,2473,2130.7,4167.8
23/09/2010,478.9,144.7,895.3
24/09/2010,3429,2054.6,3086
27/09/2010,934.3,844,7107.6
28/09/2010,2587.4,1519.8,5047
29/09/2010,5503.3,-690.5,-795.1
30/09/2010,3636.7,3515.9,4932.4
1/10/2010,6843.5,1882.8,8899
4/10/2010,2291.7,1235,2770.4
5/10/2010,6913.6,3488.5,5821.2
6/10/2010,4145.2,1289.7,3722.6
7/10/2010,813.6,18.4,7648.5
8/10/2010,2266.7,1465.1,3579.7
11/10/2010,-344.7,2201.5,9991.3
12/10/2010,2503.2,1545.2,5162.1
13/10/2010,5687,3400.3,11014.2
14/10/2010,2316.6,2076.7,5117.4
15/10/2010,5414.7,437.6,9764.6
18/10/2010,2694.8,1394.3,4602.8
19/10/2010,-1193.6,-492.2,-896.5
20/10/2010,2820.6,2035.5,5910.5
21/10/2010,8458.4,139.1,-772.6
22/10/2010,2310.7,1382.7,3706.7
25/10/2010,5503.8,3067.6,7819.5
26/10/2010,2268.8,1947.8,4616.4
27/10/2010,-1131,-358.6,-1360.2
28/10/2010,16228,2046.9,2816.1
29/10/2010,10142.2,656.2,-1379.8
1/11/2010,4468.9,1423.7,4552.3
2/11/2010,8284.2,2810.3,9425.8
3/11/2010,4082,1635.5,3646.5
4/11/2010,10688,3646.3,10822.4
5/11/2010,3724.7,1576.6,4493.2
8/11/2010,-1790.5,374.2,10518.1
9/11/2010,4920.4,2103.7,6236.9
10/11/2010,8919.9,4270.5,11078.4
11/11/2010,5850.8,2008.3,3801.4
12/11/2010,1727,634.2,-911.9
15/11/2010,3131.2,1168,5054.3
16/11/2010,-2572.5,-957,-3056.2
17/11/2010,3131.2,1511.1,5745.5
18/11/2010,6707.5,3300.3,-831.9
19/11/2010,3221.2,1828.6,6759.8
22/11/2010,245,633.7,12164
23/11/2010,3934.6,2499.4,6218.3
24/11/2010,7793.7,3670.7,14977.8
26/11/2010,1661.3,539,3612.2
29/11/2010,-1928.6,1931.1,-2046.1
30/11/2010,3463.7,2652,5082.4
1/12/2010,8617.4,4179.5,10092.8
2/12/2010,4259.7,2135.1,9026.4
3/12/2010,7171.2,624.5,15401
6/12/2010,3165.5,1606.7,6901.9
7/12/2010,-7196.2,3775.5,464.1
8/12/2010,5146.8,2021.4,2912.8
9/12/2010,1548.5,4022,6632.5
10/12/2010,4453.2,2297.6,2152
13/12/2010,8718.4,4987,4516.4
14/12/2010,2873.9,1953.8,3297.8
15/12/2010,-1886.5,4307.9,-92.4
16/12/2010,2670.6,2232.3,2722.2
17/12/2010,-986.6,-391.4,11660.8
20/12/2010,4002.5,3027.4,5309
21/12/2010,735.7,6664.2,18324.4
22/12/2010,2396.8,1342.2,8952.4
23/12/2010,506.5,314.3,691.8
27/12/2010,1585.4,747.1,2415.5
28/12/2010,-184.5,1632.3,-65.5
29/12/2010,1666.8,1334.8,1818
30/12/2010,163.9,2389.1,4454.8
31/12/2010,1791.4,1367.6,2171.3
3/01/2011,4424.2,-450.4,12484.7
4/01/2011,2644.1,1598.7,5636.1
5/01/2011,6725.6,-272,14700.6
6/01/2011,3453.1,1434.7,13257
7/01/2011,6808.6,10.3,24250.3
10/01/2011,3475.2,1561.6,4636.7
11/01/2011,6501.2,2962.4,12657.5
12/01/2011,2732.9,1563.4,8323.3
13/01/2011,381,2715.4,5838.6
14/01/2011,2094.2,1972.8,3217.6
18/01/2011,4418.2,-34,-663.6
19/01/2011,2302.2,1409.9,4876.4
20/01/2011,4470.2,2858.7,11203.6
21/01/2011,3911.4,2027.9,4633.4
24/01/2011,10233,3927,12758.4
25/01/2011,7480.9,2778.6,4946.1
26/01/2011,11578.8,4077.9,-1399.6
27/01/2011,3282.4,1611.6,6544.2
28/01/2011,-1645.4,-489.4,47.1
31/01/2011,4116.5,1688,7283.8
1/02/2011,121.3,3642,15251.6
2/02/2011,2892.5,1983.3,3681.9
3/02/2011,4875.4,4230.8,9680.8
4/02/2011,1973.9,1328.9,3997.6
7/02/2011,4595.6,-348.6,6636
8/02/2011,2709.5,1935.5,4221.3
9/02/2011,7496,200.2,887.9
10/02/2011,2787.5,1110,5538.7
11/02/2011,6197.5,-314.2,433.8
14/02/2011,3418.9,2090.1,4059.7
15/02/2011,6390.8,509.6,979.8
16/02/2011,3906.4,1160,3751.9
17/02/2011,7040.5,2522.1,7930.2
18/02/2011,3435.2,3593.1,3105.6
22/02/2011,-1597.2,-524.1,-1884.9
23/02/2011,5361.4,3787,3984.1
24/02/2011,1365.3,-126.9,-795.1
25/02/2011,2859.5,1736.3,3832
28/02/2011,7656.8,-239.3,9492.7
1/03/2011,4009.1,2804.2,8236.1
2/03/2011,6818.7,659,12820.8
3/03/2011,3064.6,3077.6,5489.5
4/03/2011,291.9,588.3,232.6
7/03/2011,3792.2,2045,5042.9
8/03/2011,7416.6,3487.3,9946.4
9/03/2011,2118.4,857.1,4424.3
10/03/2011,-2984,-936.3,-70.8
11/03/2011,3507.2,1791.4,4168.1
14/03/2011,-46,467.2,-5537.7
15/03/2011,5277.6,1844,6118.6
16/03/2011,-1112.4,5398.8,-1669.3
17/03/2011,3583.7,2112.7,7371
18/03/2011,8412.5,4607.9,-506
21/03/2011,3576.9,1940.7,5351.8
22/03/2011,1509.4,-801,1112.2
23/03/2011,3978.4,1703.2,5071.9
24/03/2011,6575.4,3273.2,8523.9
25/03/2011,2750.6,1852.7,3973.2
28/03/2011,336,3592,1062.6
29/03/2011,2222.2,2000.2,3130.9
30/03/2011,-1345,3754.6,9211.8
31/03/2011,3206.8,4068.3,4405.8
1/04/2011,-340.4,6381.6,7986.5
4/04/2011,1962.8,3240.8,3723.8
5/04/2011,-343.2,187.9,1066.3
6/04/2011,2499.1,2078.4,7073.8
7/04/2011,-940.6,110.9,3537.2
8/04/2011,2464.6,1629.8,4917.5
11/04/2011,5686.3,3669.8,725.9
12/04/2011,3912.6,2736.4,4088.4
13/04/2011,6751.2,387.2,7463.1
14/04/2011,2290.8,3528.5,5279.6
15/04/2011,-821,28.1,10889.9
18/04/2011,3643,2509.1,6714.2
19/04/2011,6078.1,623.1,180.8
20/04/2011,3640.8,2467,12798.5
21/04/2011,6572,4483.8,19772.3
25/04/2011,2187.7,1458.7,4439.5
26/04/2011,10193.5,-229.4,11050.9
27/04/2011,3777.1,2094.1,10399.3
28/04/2011,7375.5,4536.1,17501.8
29/04/2011,3086.6,2458.6,3818.3
2/05/2011,59.7,681.6,-147.2
3/05/2011,2939.2,1621.7,6528.5
4/05/2011,-290.8,-250.6,1314.1
5/05/2011,4163.3,2695.2,6909.7
6/05/2011,7835.5,4296.5,11716.1
9/05/2011,2039.9,1387.9,6167.8
10/05/2011,-1247,3066.1,-2137.3
11/05/2011,3459,1749.9,6003.8
12/05/2011,7410.2,3129,-3301.5
13/05/2011,2920.6,1240,6764.7
16/05/2011,313.6,76,12476
17/05/2011,4773.7,1817.5,7330.1
18/05/2011,8115.2,3583.1,16313.7
19/05/2011,2386.8,1809.5,7952.8
20/05/2011,-1100.9,290,18178.6
23/05/2011,2990.2,1360.5,9613.2
24/05/2011,-228.1,-741.1,-81.1
25/05/2011,2814.5,1588.2,7258.6
26/05/2011,5486.9,3363.6,1045.4
27/05/2011,1987.2,2432.7,2037.4
31/05/2011,5168.7,4539.4,6489.2
1/06/2011,3456.2,2676.1,5983.4
2/06/2011,6202.2,3857.3,194.5
3/06/2011,3108.3,1756.5,4669.5
6/06/2011,153.1,335,-1073.6
7/06/2011,3051.2,1386.4,5623.2
8/06/2011,6521.1,-531.1,9684.7
9/06/2011,2493.3,1219.8,7414.8
10/06/2011,-271.8,-699.7,652.7
13/06/2011,2543.2,1591.2,5038.2
14/06/2011,5382.2,3619.7,-3494.4
15/06/2011,3407.7,2679.8,6695.7
16/06/2011,6403.5,5064.9,13097.2
17/06/2011,3764.2,2803,4804
20/06/2011,5790.9,4851.4,10166.9
21/06/2011,2438.4,2292.7,5288.9
22/06/2011,-238.4,494.1,1213.5
23/06/2011,3804.3,1519.6,8830
24/06/2011,-375.5,-529.7,2464
27/06/2011,2783.8,1213.6,4527.3
28/06/2011,5513.7,-523.7,10636.6
29/06/2011,3071.7,2331.5,6783.9
30/06/2011,7273.5,802.3,13107.2
1/07/2011,4659.7,1856.7,3636.3
5/07/2011,1596.2,210.7,-3683.2
6/07/2011,3704,1147.3,6736.2
7/07/2011,7016.1,2171.1,12417.7
8/07/2011,3014.8,1277.4,3833.1
11/07/2011,-1495.6,191.9,-250.5
12/07/2011,4578.3,2006.5,4860
13/07/2011,7394.4,3225.6,11402.6
14/07/2011,5397,1656.7,5960.4
15/07/2011,9321,283.2,1499.2
18/07/2011,2891.2,2077.1,5788.7
19/07/2011,-1865.6,3669.5,12019.9
20/07/2011,2807.9,1171.4,3693
21/07/2011,6348.8,3365.3,10300.8
22/07/2011,2846.2,1169.2,2329.9
25/07/2011,-592.5,-179.4,11417.2
26/07/2011,11432.4,2026.8,4852.5
27/07/2011,4774,7618.7,-4843.8
28/07/2011,4285.9,2796.1,6856.9
29/07/2011,-602.3,273.7,1209.4
1/08/2011,5997.9,1960.3,5516.2
2/08/2011,-409.2,5889,-5324.7
3/08/2011,6276.9,2932.6,10343.4
4/08/2011,-2784.8,-1047.2,-1184.4
5/08/2011,8454.6,4215.6,14234.2
8/08/2011,-3041.9,-1660.9,-2388.7
9/08/2011,12008.3,4493.4,12565.8
10/08/2011,2630.9,771,-2613.8
11/08/2011,7142.2,5465.6,15999.6
12/08/2011,12860.3,3027.3,25170.8
15/08/2011,4157.2,1740,5831.9
16/08/2011,-921.1,-524,-376.4
17/08/2011,5429.4,1581.4,6814.1
18/08/2011,-3116.8,-1708.2,-4887.2
19/08/2011,6151.9,4760,8231.6
22/08/2011,10586.6,2194.5,-843.2
23/08/2011,5819.1,2577.2,5797
24/08/2011,10995.9,5087.6,10393.1
25/08/2011,6605.8,2789,8183
26/08/2011,11995.8,5233.5,13538.6
29/08/2011,3466.9,2694.6,4429.8
30/08/2011,-267.3,1142.8,-1516.2
31/08/2011,4737.6,1654.9,5256.2
1/09/2011,202.3,63.3,-1391.1
2/09/2011,4391.3,1984.8,5475.7
6/09/2011,-879.8,225,17154.3
7/09/2011,5216.1,1786.9,10993.7
8/09/2011,492.5,212.4,3893.9
9/09/2011,7423.4,2988.6,7673.1
12/09/2011,13272.2,5233.9,14882.3
13/09/2011,6469.1,1406.8,6985.7
14/09/2011,11871.5,-1453,13538.8
15/09/2011,4222.3,2013.5,6818.2
16/09/2011,-1805.2,4403.7,12939.5
19/09/2011,4552.7,1681.9,6312.2
20/09/2011,8467.5,3393.2,-209.1
21/09/2011,4958.4,2791.4,7751.8
22/09/2011,-5150.1,-671.4,-7422.2
23/09/2011,4583.7,2561.5,9893.5
26/09/2011,9617,4416.8,18014.2
27/09/2011,4875.4,3159.3,9308.5
28/09/2011,-1056.6,-877.1,1390.7
29/09/2011,5633.7,3798.7,6978.9
30/09/2011,-1551.4,1037.7,-604.4
3/10/2011,7619.5,2687.1,7379.7
4/10/2011,16309.4,6608.1,17112.8
5/10/2011,5468.9,2446,8246.5
6/10/2011,10304.7,4926.8,14818.3
7/10/2011,5291.8,2054.3,6427.6
10/10/2011,9147.8,3893.3,11786.9
11/10/2011,3320.4,2127.2,5218.2
12/10/2011,8983.6,4477.4,10728.7
13/10/2011,3726.9,1466.9,6205.4
14/10/2011,6567.7,2698.2,11323.8
17/10/2011,4359.4,1566.5,4963.6
18/10/2011,8526.7,4218.3,14882.5
19/10/2011,3865,3837.6,6712.5
20/10/2011,7952.2,7764.3,12302.3
21/10/2011,5125.5,4402.7,5589.3
24/10/2011,10554.3,7269.2,11213.6
25/10/2011,12651.8,3006.5,5223
26/10/2011,6862.9,6655.5,11746.2
27/10/2011,7414,4533.1,9942.1
28/10/2011,2162,1923.9,15342.6
31/10/2011,4022.5,2879.8,5034.2
1/11/2011,-1751.1,-161.4,-2105.2
2/11/2011,3559.9,2981.1,5817
3/11/2011,7898.2,5110.7,11652.8
4/11/2011,3771.9,1838.7,8019.7
7/11/2011,8083.5,3611.9,13456.4
8/11/2011,4230.5,1754,4959.3
9/11/2011,-2163,-1139.1,-2562.1
10/11/2011,4646.3,2000.4,4755.2
11/11/2011,8292,3632.6,8278.8
14/11/2011,3168.6,1496.8,4206.6
15/11/2011,6770.9,3214.4,7852.6
16/11/2011,5097.1,2529,5344.9
17/11/2011,19.2,-713.9,-2344.6
18/11/2011,3928.3,2759,6264.2
21/11/2011,-1511.7,-422.4,324.1
22/11/2011,4172,3365.8,7039.3
23/11/2011,22.1,1065.6,-1586.6
25/11/2011,2094,1164.4,1478.3
28/11/2011,7017.1,4156.4,7752.3
29/11/2011,3854.7,1639.4,5773.2
30/11/2011,12575.6,4334.2,12817.2
1/12/2011,3867.1,1941.4,6622.4
2/12/2011,-1710.8,-282.1,-497.4
5/12/2011,5910.6,1589.1,5512.7
6/12/2011,11923.5,3990.6,-148.1
7/12/2011,4306,2144.1,3942.3
8/12/2011,323.5,109.5,-4447.5
9/12/2011,4075.5,2195.6,5688
12/12/2011,737.5,195.1,660.2
13/12/2011,3978.7,1679.1,7046.8
14/12/2011,-224.2,4034.5,1519.3
15/12/2011,3246.9,2024.8,5811.8
16/12/2011,9739.5,-773.6,-2125.5
19/12/2011,3485.4,2227.5,5287
20/12/2011,8145.6,4601,13805
21/12/2011,3611.8,1567.6,5751.6
22/12/2011,6776,3027.5,10542.8
23/12/2011,2042.1,673.5,4001.4
27/12/2011,3764.7,1323.4,6193
28/12/2011,2613.3,1136,2370.1
29/12/2011,4548.4,2396.3,4694.8
30/12/2011,1706.8,886.1,1541.9
3/01/2012,5086.9,2351.2,8853.8
4/01/2012,3007.3,1436.8,3675.6
5/01/2012,-109.1,3582,12386.2
6/01/2012,2839.2,1472.5,7463.5
9/01/2012,5635.7,3325.2,13978.9
10/01/2012,3440.1,2235,8614.5
11/01/2012,-1025.3,383,5617.5
12/01/2012,3650.2,1407.6,4151.1
13/01/2012,556.9,-64.4,8797.6
17/01/2012,2694.9,1571.3,6166.6
18/01/2012,6415.9,3695.7,2177
19/01/2012,3413.7,2100.6,4187.8
20/01/2012,-108.9,6249.9,9062.4
23/01/2012,3494.8,1698,7939.2
24/01/2012,7390.4,-184.1,3662.9
25/01/2012,4412,1916.9,6805.4
26/01/2012,9310.8,-217.1,1736.1
27/01/2012,3747.2,3697.6,4680.2
30/01/2012,598.9,1674.3,1473.2
31/01/2012,3552.2,2778.1,4232
1/02/2012,6557.6,6584.5,8336.1
2/02/2012,2288.1,1857.1,2496.2
3/02/2012,5483.5,5198.5,-1412.7
6/02/2012,2189.3,1747.4,2789.1
7/02/2012,5148.3,3568.5,6252.8
8/02/2012,2522.8,1369.2,2617.1
9/02/2012,5554.4,180.4,5024.5
10/02/2012,3085.7,1190.7,2420.3
13/02/2012,5616.2,2319.6,7221.8
14/02/2012,2850.2,1217.2,5511.4
15/02/2012,-796.8,-65.2,1364
16/02/2012,2548.7,1716.4,4867.5
17/02/2012,-285.8,3030.3,-214.4
21/02/2012,2406.7,1232.1,3734
22/02/2012,5056.8,47.1,6628.5
23/02/2012,3531.3,1377.6,5112.6
24/02/2012,6056,396.7,9921
27/02/2012,3012.9,1542.9,6593
28/02/2012,515.3,-110.9,1784.9
29/02/2012,3277.8,1913.4,6571.9
1/03/2012,752,3697.1,2888.2
2/03/2012,2820.5,1468.5,3004.3
5/03/2012,118.6,2639.7,-902.1
6/03/2012,3547.8,1926.4,6421.6
7/03/2012,6698.6,447.3,9738.1
8/03/2012,2603.2,1760.1,5558.4
9/03/2012,4561.4,4232.5,9553.1
12/03/2012,2049.3,1266,3953.4
13/03/2012,5156.4,3813.9,9184.5
14/03/2012,2960.9,1834.9,7368.7
15/03/2012,6213,3925.4,14642.3
16/03/2012,5007.3,2317.4,6703
19/03/2012,7592.7,4505.8,3511.2
20/03/2012,2485.3,1949.8,5497
21/03/2012,51.1,222.9,3123
22/03/2012,3064.2,1816.8,4719.9
23/03/2012,737.5,722.1,7976.3
26/03/2012,2572.4,1559.3,5135
27/03/2012,4880.8,270.5,11252.2
28/03/2012,2289.9,1489.7,5644
29/03/2012,4497,437.4,11464.9
30/03/2012,2471.8,1387.4,4678.9
2/04/2012,5112.7,2907.2,11.2
3/04/2012,2298.4,1934.8,8274.7
4/04/2012,-94.2,627.3,3608.5
5/04/2012,2048.4,785.4,4292.8
9/04/2012,115.8,-319,92
10/04/2012,3650.9,1954.3,5236.2
11/04/2012,6178.6,3131.4,975.8
12/04/2012,2475.9,1207.2,2736.5
13/04/2012,-133.7,-244.8,-3285.9
16/04/2012,3060.3,1335.6,4594.7
17/04/2012,5414.5,2614.8,-2876.3
18/04/2012,1781.6,1663.5,5753.2
19/04/2012,-783.3,4792.7,-904.6
20/04/2012,3177.2,2935.9,7128.4
23/04/2012,406.9,1278.2,1008.4
24/04/2012,5701.8,1968.6,2880.2
25/04/2012,8664.7,4562.9,6131.9
26/04/2012,2751.2,1668.7,5466.7
27/04/2012,5246.6,367.7,8877.2
30/04/2012,2072.9,1376.3,5447.2
1/05/2012,4367.4,3252.9,10158.6
2/05/2012,2100.2,1170.3,4731.5
3/05/2012,-243.3,2621.1,-1290.6
4/05/2012,2823.8,1406.7,6524.7
7/05/2012,70.4,2758.2,1674.6
8/05/2012,2710.5,1571.1,9215.6
9/05/2012,-482.7,-317.9,17148
10/05/2012,2828.5,1256.9,7033.3
11/05/2012,226.8,2739.3,-267.8
14/05/2012,2631.9,1574.3,3939
15/05/2012,20.6,3320.9,-5239.4
16/05/2012,2770.6,1747.8,6841.1
17/05/2012,-6.6,8.4,2969.2
18/05/2012,3602.9,2287.8,6055.2
21/05/2012,6053.2,4130,11162.4
22/05/2012,3000.9,2116.2,6361.4
23/05/2012,6208.6,3892,-1720
24/05/2012,2322,1098.1,5722
25/05/2012,-24.4,-279.2,9930.6
29/05/2012,2142.2,1252.6,4989.9
30/05/2012,-554.9,-163,-306.1
31/05/2012,3688.9,1884.5,9167.1
1/06/2012,149.3,88.6,2317.2
4/06/2012,2899.8,1290.1,5652.8
5/06/2012,-369.2,2871,10210.1
6/06/2012,2785.9,2226,5615
7/06/2012,5818.4,4080.9,-2691.8
8/06/2012,2146.1,1173,4413.8
11/06/2012,47.9,-67,5.1
12/06/2012,2570.8,1179.3,4650.4
13/06/2012,-91.1,204.3,8564.4
14/06/2012,3334.9,1476.8,5199.2
15/06/2012,8033.5,3210.2,10363.7
18/06/2012,2950.5,855,5719.4
19/06/2012,6162.9,2148.9,9608
20/06/2012,3446.9,1154.6,4884.4
21/06/2012,-275.9,-163.5,601.3
22/06/2012,3035.4,1518.9,7120.2
25/06/2012,126.5,138.7,1945.8
26/06/2012,2389.1,1599.2,4368.8
27/06/2012,5276.9,2605.4,8200.7
28/06/2012,3267,1204.1,3821.5
29/06/2012,7896.6,3335.8,9561.7
2/07/2012,2291.1,1076.4,3358.2
3/07/2012,3701.4,1651,7007.4
5/07/2012,1924.7,1612.1,4550.7
6/07/2012,-268.2,248.2,9027.8
9/07/2012,2600.8,998.3,4020.8
10/07/2012,-756,-1100.2,268.9
11/07/2012,4208.6,3424.3,4775.1
12/07/2012,-729.7,6098.5,502.2
13/07/2012,2599.3,2116.6,2963.4
16/07/2012,5447.4,1151.7,156.2
17/07/2012,3078.4,2068,4714.8
18/07/2012,7351.6,3322.7,-1534
19/07/2012,3355.1,1806.1,8151.7
20/07/2012,326.9,-3.6,4132.1
23/07/2012,2434.7,2426.9,4270.1
24/07/2012,-415.6,329.7,-4356.6
25/07/2012,3541.6,3278.8,11321.1
26/07/2012,8300.9,1515.1,18828.5
27/07/2012,3915.4,2058.4,10385.2
30/07/2012,1200.6,843.6,19647.3
31/07/2012,2720.2,2415.8,6151.6
1/08/2012,570.2,870.9,570.2
2/08/2012,2949.7,1451.9,7263.7
3/08/2012,5663.1,3134.9,12668.7
6/08/2012,1858.4,1208.8,13523
7/08/2012,3623.2,-707.2,6882.9
8/08/2012,2022.3,1701.6,6764.3
9/08/2012,187.5,404.8,12708.9
10/08/2012,1755,1131.6,4078.8
13/08/2012,3830.4,116.7,8275.6
14/08/2012,1843.5,805.9,4403.4
15/08/2012,3826.9,1745.5,-1032.9
16/08/2012,3395.1,898,5804.9
17/08/2012,6464.6,2393,2079.3
20/08/2012,1640,1350.6,3228
21/08/2012,-663,3503.7,-290.8
22/08/2012,2463.9,1470.4,3586.3
23/08/2012,640.1,-15.9,-713.8
24/08/2012,1945.8,1506,4209
27/08/2012,65.8,549.9,7356.5
28/08/2012,1913.1,1189.3,4348.7
29/08/2012,3649,390.4,8965
30/08/2012,1729.6,974,2436.1
31/08/2012,3646.9,2141.1,6255.3
4/09/2012,2532.3,1294.2,5721.1
5/09/2012,5517.7,-745.7,12352.3
6/09/2012,3223.3,1610.2,8654.7
7/09/2012,8,427.3,15451.1
10/09/2012,6356.1,2025.3,7676.9
11/09/2012,8759.5,3835.8,12312.4
12/09/2012,2409.6,1601.8,9175.3
13/09/2012,5143.8,3534,15324.8
14/09/2012,4993.1,1776.1,7930.4
17/09/2012,1702.8,532.3,2619.8
18/09/2012,2477.4,1046.2,6259.6
19/09/2012,5200.8,-228.7,491.1
20/09/2012,2075.5,1520.8,6313
21/09/2012,-7475.7,-308.4,-748.3
24/09/2012,3037.4,1354.4,8053.3
25/09/2012,-763.5,-1278.8,2203.2
26/09/2012,2612.9,1641.6,7175.2
27/09/2012,4694.4,2580.9,12724.6
28/09/2012,2559.6,1415.1,5213.5
1/10/2012,6460.5,3544.9,-414.7
2/10/2012,3602.3,1734.2,7147.7
3/10/2012,6212.5,3453.3,11641.2
4/10/2012,2531.5,1468.3,4994.5
5/10/2012,6195,2804.7,1486.6
8/10/2012,2607.6,656.8,2508.1
9/10/2012,-381.9,-508.1,-1100
10/10/2012,2561.6,978.7,3092.7
11/10/2012,132.5,2052.5,7217.3
12/10/2012,2566.1,958.1,5396.9
15/10/2012,5482.4,1710.8,10046
16/10/2012,2857.5,1018,5478.6
17/10/2012,6049.2,1940.4,13925.1
18/10/2012,2538.7,3023.6,4746.9
19/10/2012,-1265.8,1365.8,1822.4
22/10/2012,3131.8,1367.1,4915.1
23/10/2012,-2734.2,-1454.2,-1574.8
24/10/2012,3321.2,2632.2,4397.5
25/10/2012,-1292.7,4480.8,-82.2
26/10/2012,3592.5,1570.3,4931.7
31/10/2012,232.1,-807,8835.6
1/11/2012,3306.7,1961.1,8866.2
2/11/2012,253.6,-227.3,14458.5
5/11/2012,2387.7,1413.2,3400.8
6/11/2012,5193.7,3015.1,8997.1
7/11/2012,4593.1,2194.7,5949.6
8/11/2012,1587.1,3866.2,12067.8
9/11/2012,3176.4,1327.9,7646.8
12/11/2012,5396.4,184.5,4342.6
13/11/2012,2985.9,1139,6580.7
14/11/2012,103.1,-74.3,16200
15/11/2012,3291.7,1753.4,6977.1
16/11/2012,8528.7,2912.1,14046.4
19/11/2012,2688.8,1604.2,8651.3
20/11/2012,653.8,2940.5,3192.5
21/11/2012,2011.2,1008.2,4159.8
23/11/2012,3112.3,1418.9,7064.2
26/11/2012,1910.6,1027.8,5643.9
27/11/2012,4414.7,-28.6,-1634.6
28/11/2012,2426.2,1400.6,4245.6
29/11/2012,62.3,2533.7,8672.6
30/11/2012,2285.5,1374.5,20902.7
3/12/2012,356.2,2393.6,16420
4/12/2012,1969.7,1485.5,6784.2
5/12/2012,4966.6,3284.7,15074
6/12/2012,2027.6,1310,6648.2
7/12/2012,4504,2687.5,11764.8
10/12/2012,2847.7,1310.1,5272.8
11/12/2012,6669.6,-963.4,10165.5
12/12/2012,4064.9,2021.6,3855.8
13/12/2012,1443.5,632.3,8422.4
14/12/2012,2708.9,1369,3670.2
17/12/2012,5462.5,3191.3,8763.6
18/12/2012,2800,1960.7,3788.3
19/12/2012,-454.8,275.4,-1885.7
20/12/2012,3290.1,1298.8,2636.3
21/12/2012,-2689.4,-1338.8,-2433.7
24/12/2012,953.4,472.5,1203.5
26/12/2012,-589.4,-315.1,-1185.4
27/12/2012,2360.9,1068.2,3612.6
28/12/2012,483.6,101.4,875.2
31/12/2012,2581.3,1134.3,3655.4
2/01/2013,5788,2803.5,8822.3
3/01/2013,2704.5,1396.1,8414.9
4/01/2013,5409.5,3391.2,14634.5
7/01/2013,2745.8,1248.9,6791.3
8/01/2013,5402.7,-944.5,10497
9/01/2013,2359.6,1281.1,3836.9
10/01/2013,4960.1,3628.7,7558.8
11/01/2013,2923.9,1177.6,3681
14/01/2013,5516.3,2070.4,-449.7
15/01/2013,2106.4,1195.5,2746.7
16/01/2013,4198.6,81.9,-380.4
17/01/2013,2804.4,962.4,2679.1
18/01/2013,5995.3,2399.6,5391.2
22/01/2013,3215.6,1990.2,3983.2
23/01/2013,6795.1,972.9,-582.1
24/01/2013,3818.2,1672,7951.7
25/01/2013,8056.2,2902.1,13497.9
28/01/2013,2964.9,1090.7,9922.6
29/01/2013,6495.8,2681.5,-10400.9
30/01/2013,2824.4,2793.8,18373.3
31/01/2013,-940.9,6498,11234.5
1/02/2013,3854.5,2174.4,6578.6
4/02/2013,1866.9,247.4,2176.2
5/02/2013,2833,2620.1,5720
6/02/2013,6343.5,251.9,9743.2
7/02/2013,2277.5,1906.4,5472.4
8/02/2013,4215.2,3703.3,-941.5
11/02/2013,1715.4,1333.9,5735.4
12/02/2013,3643.4,2209.6,10755.6
13/02/2013,1699.8,840.3,4476
14/02/2013,-517.6,-361,-416.3
15/02/2013,2326.2,1052.9,4121.6
19/02/2013,5314.8,2277.7,8669.5
20/02/2013,2997.2,1658.5,8651
21/02/2013,238.5,3667.6,4549
22/02/2013,2158,1222.7,3545.7
25/02/2013,-865.5,-150.7,-3631
26/02/2013,2472.8,1575.9,5059.7
27/02/2013,4826.8,2959.8,17041.9
28/02/2013,2871.5,1285.5,8717
1/03/2013,210.7,2315.6,16591.6
4/03/2013,2566.2,977.4,9997.3
5/03/2013,5198.3,1792.1,16468.9
6/03/2013,3470.3,1161.2,6689.6
7/03/2013,1591.7,286.9,1668.6
8/03/2013,2358.4,1301.9,4384.1
11/03/2013,4079.6,2401.5,9270
12/03/2013,2226.8,1953,4151.2
13/03/2013,167,2890.9,8919.6
14/03/2013,2207.2,951.7,8852.2
15/03/2013,7357,-1182.5,-79.8
18/03/2013,1811.4,972.6,8102.9
19/03/2013,-1401.4,2300.3,12972.8
20/03/2013,1799.8,936.2,7344.1
21/03/2013,-138.1,92.3,2506
22/03/2013,2409.7,1091,5075.3
25/03/2013,-1329.4,2077.5,-1087.9
26/03/2013,1893.5,1367.6,5049.5
27/03/2013,-236.2,2322.7,9592.9
28/03/2013,2276.6,1490.6,4020.8
1/04/2013,591.2,772.5,1002.7
2/04/2013,2097.8,1190.7,3064
3/04/2013,-1181,-47,-1836.6
4/04/2013,1771.2,1804.5,3258.9
5/04/2013,-706.6,0.8,-3305
8/04/2013,1947.7,1371.2,8948.9
9/04/2013,4318.2,2670.5,15796.1
10/04/2013,3262.9,1149.9,5271.8
11/04/2013,5401.1,2681.4,9884.3
12/04/2013,2111.4,1071.8,4166
15/04/2013,-1565.9,-1171.5,-1482.1
16/04/2013,2636.8,1335.6,3786.1
17/04/2013,-518.5,-180.3,-6008.7
18/04/2013,3145.7,1016.6,6448.8
19/04/2013,6469.4,2429,11532.9
22/04/2013,2646.7,1213.7,3847.5
23/04/2013,5856.6,3496.2,8814.6
24/04/2013,3238.2,1845.4,3718.1
25/04/2013,-5789.4,181.6,11064.3
26/04/2013,3359.4,1307.4,8189.5
29/04/2013,6263.7,34.9,15053.5
30/04/2013,3769.7,1478.1,10962.7
1/05/2013,510.8,241.3,7037.4
2/05/2013,3120,975.3,3763.6
3/05/2013,6133.1,2757.8,-915.5
6/05/2013,2174.3,1505.2,2747.2
7/05/2013,4409.8,2921.9,7760.8
8/05/2013,2654.4,1224.1,4829.4
9/05/2013,7141.3,-679.9,-2992.5
10/05/2013,2993.7,1245,12089.5
13/05/2013,5039.2,325.4,6234.5
14/05/2013,2482.7,1062.8,5580.9
15/05/2013,5395.2,2630.1,-5280.7
16/05/2013,2686.4,1523.3,8300.2
17/05/2013,6747.1,-1540.5,13232.8
20/05/2013,2457.2,1387.5,4060.6
21/05/2013,4931.2,-177.1,12489.2
22/05/2013,3833.5,2512.7,7911.4
23/05/2013,1265.2,333.6,13856.9
24/05/2013,2228.3,1412.5,2892.3
28/05/2013,4950.2,-353.7,-4790.2
29/05/2013,2113.6,1432.5,6643.9
30/05/2013,4712.9,2420.4,2146.9
31/05/2013,3209.5,2117.3,5625.6
3/06/2013,5857.4,-151.5,13483.5
4/06/2013,2508.6,1416.7,6288.9
5/06/2013,-181.7,-207.2,1412
6/06/2013,2681.2,1519,5947.8
7/06/2013,6058.1,4227.5,10087.4
10/06/2013,2224.1,1411.3,3919
11/06/2013,471.9,-13.9,8655.5
12/06/2013,2400.7,1061.2,3640.7
13/06/2013,5004.8,2201.5,6815.7
14/06/2013,2016.8,1193.1,2304.4
17/06/2013,4634.5,2531.7,-2209.9
18/06/2013,1695.4,913.8,7076
19/06/2013,-276.8,-524.8,-59.3
20/06/2013,2975.6,2776.6,7258.2
21/06/2013,7650.3,-229.5,14984.9
24/06/2013,3602.6,2071.7,5858.1
25/06/2013,6279.8,3706,11975
26/06/2013,2525.7,2174.1,5247.8
27/06/2013,4758.3,3845.1,12618.5
28/06/2013,3429.9,1512,7136.7
1/07/2013,761.1,2576.9,1825
2/07/2013,3008.7,1185.2,5971.9
3/07/2013,4372.8,1779,8842.1
5/07/2013,2064.4,964.8,3704.3
8/07/2013,4637,2243.8,8508.2
9/07/2013,2196.2,1364.3,5252
10/07/2013,4502.5,76.4,11587.2
11/07/2013,2387.5,1458.6,4191.1
12/07/2013,4679.5,2809.8,7521.8
15/07/2013,2064.6,1126.7,3748.4
16/07/2013,-393.8,48.7,278.9
17/07/2013,2096.7,1422.3,3123.7
18/07/2013,5042.4,2518,6716.5
19/07/2013,3093.8,977.8,3721.6
22/07/2013,5917.3,2080.1,728
23/07/2013,2254.5,2063.8,2056.5
24/07/2013,445,-111.1,-513.5
25/07/2013,3346.6,1448.6,3675.1
26/07/2013,5678.8,-3.1,6194
29/07/2013,1460.4,1027.4,2804.9
30/07/2013,3745.6,138.7,-950.4
31/07/2013,2694,1249.3,4778.4
1/08/2013,5690.9,2100.2,8038
2/08/2013,1902.6,1339.6,2717.9
5/08/2013,550.8,16.4,6970.3
6/08/2013,1841.1,1986.4,5994.6
7/08/2013,3775.1,770.7,10567.3
8/08/2013,2380.6,1053.4,5706.2
9/08/2013,-79.5,-168.2,2100.6
12/08/2013,1647.4,855.6,3170.7
13/08/2013,3671.3,2124.8,-1639.5
14/08/2013,2021.4,1169.3,3424.3
15/08/2013,26.5,-216,-220.2
16/08/2013,2332.9,1239.6,2733
19/08/2013,502,323.6,-1750.5
20/08/2013,2153.9,773.1,3770.1
21/08/2013,-139.8,-473.2,222.8
22/08/2013,2002,767.2,3461
23/08/2013,48.3,86,5505.6
26/08/2013,1817,885.7,5002.7
27/08/2013,-99.1,-157.2,-695.3
28/08/2013,1545.8,1720.6,3171.6
29/08/2013,3003,2484,1240.4
30/08/2013,2205.6,1211,3229.6
3/09/2013,37.4,2443.2,-201
4/09/2013,2313,1478.8,2563.6
5/09/2013,4267.3,384.2,4957.9
6/09/2013,1965.6,950.2,10308.8
9/09/2013,3942.4,1976.7,14463
10/09/2013,2572.8,871.6,5812.7
11/09/2013,4463.3,2690.4,1750.6
12/09/2013,2399.8,1247.5,3657.5
13/09/2013,4373.1,2210.2,-106.7
16/09/2013,2758.7,924.2,4880.3
17/09/2013,5194.8,1768.7,-827.9
18/09/2013,3307.7,1171.2,4670.8
19/09/2013,6220,2538.7,2034.9
20/09/2013,7008.3,1830,4253.7
23/09/2013,10476.8,443.2,9389.9
24/09/2013,3585.1,1160.7,4684.1
25/09/2013,1411.4,2272.5,1231
26/09/2013,2240.9,942.1,2705.5
27/09/2013,212.8,186.8,-74.4
30/09/2013,2104.7,1232.6,3764
1/10/2013,3961,2030,6036.7
2/10/2013,2056.6,963.2,3229.5
3/10/2013,-469.2,-483,372.6
4/10/2013,1983.7,921.6,2664.9
7/10/2013,52.5,29.9,-51.3
8/10/2013,2869,1044.1,3388.3
9/10/2013,5368.3,43.2,-747.4
10/10/2013,2688.9,883.9,4400.8
11/10/2013,5181.6,1582.4,6776.1
14/10/2013,1866.8,725.1,3896.3
15/10/2013,-853.9,-96.9,1008.1
16/10/2013,2646.4,1245.2,3055.1
17/10/2013,5438.1,2119.3,9123
18/10/2013,2590.5,1431.8,3790.2
21/10/2013,4352.7,2500.2,7491
22/10/2013,2054.2,1690.3,4098.1
23/10/2013,-283.3,-38.1,-226.5
24/10/2013,3851.1,946.5,3740.4
25/10/2013,5905.4,-102.5,6206.4
28/10/2013,2360.8,1287.2,4292.2
29/10/2013,4347.5,2196.2,2122.9
30/10/2013,2112.3,1348.7,3010.2
31/10/2013,4444,187,-1638.4
1/11/2013,1676.6,1321.7,5283.6
4/11/2013,3418.1,2496.5,12165.3
5/11/2013,1764.3,845,4566.6
6/11/2013,3675.9,1787,8395.1
7/11/2013,3188.9,2037.9,6617.2
8/11/2013,5423.2,3523.6,12883
11/11/2013,1751.5,1146.3,6251.6
12/11/2013,4180.1,-1521.2,17649.4
13/11/2013,2426.3,1597.5,7122.3
14/11/2013,4996.1,2440.9,14497.7
15/11/2013,2360.4,1019.8,6125.7
18/11/2013,4508.6,135.8,464
19/11/2013,2532.5,1033.3,7229
20/11/2013,-159.3,110.5,2295.3
21/11/2013,1576.6,2750.1,3720.3
22/11/2013,3221.4,4434.1,-56.8
25/11/2013,2496.3,863.4,3494.5
26/11/2013,6725.9,2203.4,-307.8
27/11/2013,2433.5,1121.7,3496.6
29/11/2013,4462.5,504.7,5641.5
2/12/2013,6901.3,1417.9,3855.9
3/12/2013,-963.7,-6.3,11764.5
4/12/2013,3456,1001.6,13164.8
5/12/2013,6298.7,-79.1,2119
6/12/2013,2886.1,1031.1,7457.3
9/12/2013,821.7,-31.9,2706.2
