Name,3M,ACE,AES
7/12/2001,59.15,39,16.8
10/12/2001,58.88,38.65,15
11/12/2001,58.15,38.25,14.6
12/12/2001,57.935,37.6,13.99
13/12/2001,57.875,37.6,14.32
14/12/2001,57.515,37.35,14.2
17/12/2001,57.65,37.75,14.55
18/12/2001,58.75,38,14.21
19/12/2001,59.2,38.25,14.65
20/12/2001,59.85,38.25,14.65
21/12/2001,59.25,38.6,14.25
24/12/2001,59.6,38.46,14.27
26/12/2001,59.71,38.83,14.6
27/12/2001,60.325,39.98,14.62
28/12/2001,60,40.14,16.3
31/12/2001,59.96,40.33,16.5
2/01/2002,58.515,40,15.5
3/01/2002,58.45,39.82,16.6
4/01/2002,58.33,39.05,16.65
7/01/2002,58.5,38.85,17.7
8/01/2002,57.95,36.5,17.84
9/01/2002,57.65,37.97,17.77
10/01/2002,56.975,38.3,16.65
11/01/2002,56.6,37.99,17.11
14/01/2002,56.895,37.9,16.6
15/01/2002,55.88,36.5,16.55
16/01/2002,54.25,37.19,16.03
17/01/2002,52.35,36.64,15.8
18/01/2002,52.225,35.3,15.45
22/01/2002,53.825,36,15.35
23/01/2002,53.325,35.57,15.55
24/01/2002,53.65,37,15.2
25/01/2002,54.65,36.98,15.46
28/01/2002,55.275,37.7,15.38
29/01/2002,55.25,38.26,15.4
30/01/2002,53.95,38.3,14.42
31/01/2002,54.935,38.34,13.89
1/02/2002,55.5,38.85,13.35
4/02/2002,56.3,39.06,13.07
5/02/2002,54.95,38.63,11.6
6/02/2002,54.625,38.36,10.75
7/02/2002,55.125,38,9.95
8/02/2002,54.55,38.96,10.05
11/02/2002,55.25,38.75,10
12/02/2002,57,39.6,10.43
13/02/2002,57.35,41,10.15
14/02/2002,58,44.15,10
15/02/2002,58.68,43.38,9
19/02/2002,57.725,43,6.5
20/02/2002,57.05,42.25,4.9
21/02/2002,58.625,42.3,4.35
22/02/2002,58.005,41.4,4.09
25/02/2002,59.5,41.81,4.2
26/02/2002,59.95,42.5,4.98
27/02/2002,59.725,43.5,5.15
28/02/2002,59.55,44.3,4.99
1/03/2002,58.6,43.8,5.3
4/03/2002,59.985,42.95,5
5/03/2002,60.85,43.1,5.3
6/03/2002,60.45,43.95,6.09
7/03/2002,60.66,44.4,6.99
8/03/2002,60.69,43,7.49
11/03/2002,60.5,42.3,8.6
12/03/2002,59.5,41.95,8.76
13/03/2002,60.695,42.05,8.69
14/03/2002,60.075,42.2,8.5
15/03/2002,60.325,43.88,8.4
18/03/2002,61.25,43.35,7.86
19/03/2002,61.3,42.14,9.1
20/03/2002,60.8,41.15,8.9
21/03/2002,60,40.75,9.1
22/03/2002,58.975,41.91,9.09
25/03/2002,58.435,42.04,8.75
26/03/2002,57.775,40.55,8.6
27/03/2002,58.425,40.28,8.8
28/03/2002,57.925,41.3,9.26
1/04/2002,57.575,41.9,8.75
2/04/2002,57.635,41.7,9
3/04/2002,56.675,42.4,8.7
4/04/2002,56.525,42.05,9
5/04/2002,60.025,43.05,9.06
8/04/2002,60.465,43.14,9.17
9/04/2002,61.815,43.85,8.85
10/04/2002,62.055,44.2,8.77
11/04/2002,62.57,44.89,8.8
12/04/2002,62.25,44.4,8.5
15/04/2002,61.4,44.4,8.45
16/04/2002,61.25,43.2,7.64
17/04/2002,62,43,7.97
18/04/2002,61.7,43.41,7.95
19/04/2002,62.125,43.55,7.86
22/04/2002,62.61,43.81,7.45
23/04/2002,62.38,44.4,7.77
24/04/2002,62.1,43.9,7.79
25/04/2002,62.5,43.13,8
26/04/2002,63.475,42.32,8
29/04/2002,61.86,42.4,7.7
30/04/2002,61.32,42.26,7.95
1/05/2002,62.9,41,8.02
2/05/2002,62.99,38.03,8.45
3/05/2002,63.1,36.5,8.4
6/05/2002,63.05,37.15,8.28
7/05/2002,61.985,36.25,8.01
8/05/2002,62.8,36.25,7.68
9/05/2002,62.965,35.7,7.78
10/05/2002,63.2,35,7.29
13/05/2002,63.49,34.45,6.72
14/05/2002,64.575,35.15,6.91
15/05/2002,64.755,34.61,6.9
16/05/2002,64.75,34.15,7
17/05/2002,64.485,33.39,6.55
20/05/2002,64.91,33.36,6.4
21/05/2002,64.15,32.8,6.65
22/05/2002,63.475,33.6,6.65
23/05/2002,64.25,32.7,6.7
24/05/2002,64.535,35.4,6.68
28/05/2002,64.5,35.55,6.8
29/05/2002,63.745,34.85,6.7
30/05/2002,62.5,35.3,6.4
31/05/2002,62.8,34.7,6.37
3/06/2002,62.59,34.75,6.53
4/06/2002,62.225,33,5.87
5/06/2002,62.5,33.35,5.65
6/06/2002,62.99,34.25,5.25
7/06/2002,60.95,32.85,4.59
10/06/2002,62.205,32.35,4
11/06/2002,63,33.05,4.05
12/06/2002,62.625,31.9,3.64
13/06/2002,63.65,32.27,4.58
14/06/2002,62.5,32.15,4.76
17/06/2002,63,32.48,5.07
18/06/2002,63.685,33.57,5.04
19/06/2002,64.01,33.6,5.15
20/06/2002,63.675,33,5.3
21/06/2002,62.85,33.03,4.7
24/06/2002,62.005,33.05,4.59
25/06/2002,62.49,32.6,4.16
26/06/2002,60.375,30.95,3.76
27/06/2002,61.31,31.05,4.4
28/06/2002,62.075,30.4,4.88
1/07/2002,62.875,31.3,5.42
2/07/2002,63.7,30.25,4.55
3/07/2002,62.885,29.26,3.95
5/07/2002,63.75,29.85,4.1
8/07/2002,64.8,30.25,4.2
9/07/2002,64.575,30.05,4
10/07/2002,64,29.9,3.88
11/07/2002,61.1,27.2,3.82
12/07/2002,61.2,29.28,3.58
15/07/2002,59.95,29.15,3.34
16/07/2002,58.75,28.95,3.25
17/07/2002,58.9,29.01,3.2
18/07/2002,58.675,27.77,3
19/07/2002,58.325,24.5,2.69
22/07/2002,54.895,25.5,3.07
23/07/2002,55.5,24.55,2.95
24/07/2002,55.885,23.33,2.21
25/07/2002,59.755,24.25,2.25
26/07/2002,59.975,24.85,1.77
29/07/2002,60.85,27.18,1.65
30/07/2002,63.305,28.3,2.3
31/07/2002,62.225,31.31,2.02
1/08/2002,62.625,31.47,2
2/08/2002,60.8,31.9,2.22
5/08/2002,59.25,31.1,2.11
6/08/2002,59.2,31,2.09
7/08/2002,61.495,30.65,2.01
8/08/2002,61.17,28.95,2.19
9/08/2002,62.725,31.75,2.15
12/08/2002,62.5,31.1,2.25
13/08/2002,62.5,32.4,2.14
14/08/2002,62,31.76,2.05
15/08/2002,63.25,32.92,2.07
16/08/2002,63.275,32.95,1.99
19/08/2002,63.165,32.85,2.04
20/08/2002,64.25,33.3,2.12
21/08/2002,64.5,33.15,2.35
22/08/2002,64.24,32.75,2.5
23/08/2002,62.98,34.01,3.3
26/08/2002,63.255,33.2,3.3
27/08/2002,64.25,33.99,3.22
28/08/2002,63.075,32.63,3.05
29/08/2002,62.1,31.65,3.12
30/08/2002,62.3,31.73,3.19
3/09/2002,61.825,31.74,2.93
4/09/2002,60.05,30.35,2.65
5/09/2002,59.5,30.61,2.55
6/09/2002,60.525,31.44,2.85
9/09/2002,61.19,31.1,2.66
10/09/2002,62.03,31.94,2.66
11/09/2002,63.575,31.99,2.83
12/09/2002,61.87,31.42,3.1
13/09/2002,61.17,32.75,2.92
16/09/2002,60.025,33.5,3.11
17/09/2002,59.535,33.74,3.05
18/09/2002,58.33,31.76,3.06
19/09/2002,58.375,31.95,2.95
20/09/2002,59.095,32,2.76
23/09/2002,58.95,31.9,2.75
24/09/2002,58.005,30.51,2.58
25/09/2002,57.25,30,2.52
26/09/2002,56.655,29.9,2.4
27/09/2002,57.88,31.2,2.62
30/09/2002,56.275,29.35,2.36
1/10/2002,55.375,29.65,2.45
2/10/2002,58.145,30.48,2.5
3/10/2002,57.24,28.36,2.7
4/10/2002,57.51,29.01,2.11
7/10/2002,57.255,28.75,1.85
8/10/2002,56.125,27.68,1.78
9/10/2002,56.395,29.35,1.35
10/10/2002,56.165,28,1.02
11/10/2002,58.8,31.29,1.22
14/10/2002,59.95,31.85,1.45
15/10/2002,61.975,32,1.43
16/10/2002,62.5,33.2,1.18
17/10/2002,62.64,34.4,1
18/10/2002,62,33.95,1.1
21/10/2002,62.06,34.76,1.3
22/10/2002,64,36.25,1.36
23/10/2002,63.9,34.95,1.3
24/10/2002,64.875,35,1.32
25/10/2002,62.63,33.95,1.2
28/10/2002,64.155,34.5,1.2
29/10/2002,62.5,33.39,1.18
30/10/2002,62.875,33,1.22
31/10/2002,63.665,32.35,1.35
1/11/2002,63.345,30.8,1.67
4/11/2002,64.55,32.05,2.08
5/11/2002,64.19,31.87,1.88
6/11/2002,64.49,31.65,2.05
7/11/2002,65.25,31.8,2.3
8/11/2002,64.185,31.14,1.92
11/11/2002,64.15,30.73,1.99
12/11/2002,63.28,30.98,1.59
13/11/2002,63.405,30.81,1.5
14/11/2002,64.5125,31,1.57
15/11/2002,64.5,31.25,1.51
18/11/2002,64.755,31.75,1.55
19/11/2002,63.87,31.81,1.5
20/11/2002,63.725,32,1.31
21/11/2002,64.36,33.05,1.46
22/11/2002,65.49,32.75,1.6
25/11/2002,64.55,33.76,1.95
26/11/2002,63.375,32.75,2.48
27/11/2002,63.445,32.73,2.15
29/11/2002,64.75,33.65,2.33
2/12/2002,65.15,34.12,2.15
3/12/2002,63.8,33.4,2.54
4/12/2002,64.01,33.69,2.55
5/12/2002,64.09,33.71,3.1
6/12/2002,62.475,32.17,2.73
9/12/2002,63.055,32.17,2.43
10/12/2002,62.175,31.5,2.82
11/12/2002,62.55,31.9,2.99
12/12/2002,62.65,32.24,2.89
13/12/2002,61.635,32.16,3.31
16/12/2002,60.955,31.45,3.45
17/12/2002,61.725,31.55,3.59
18/12/2002,60.375,31.32,3.5
19/12/2002,60.305,30.6,3.66
20/12/2002,60.595,29.8,3.28
23/12/2002,61.95,29.99,3
24/12/2002,61.6,29.14,2.82
26/12/2002,61.72,29.3,3
27/12/2002,61.62,29.4,3
30/12/2002,60.675,28.95,2.98
31/12/2002,61.6,29.33,2.94
2/01/2003,61.66,29.35,3.06
3/01/2003,63.125,30.4,3.32
6/01/2003,62.85,30.85,3.48
7/01/2003,63.15,32.1,3.48
8/01/2003,63.4,31.76,3.28
9/01/2003,63,31.17,3.36
10/01/2003,63.2,31.87,3.45
13/01/2003,63.3,32.07,3.36
14/01/2003,63.35,30.1,3.48
15/01/2003,63.995,30.52,3.67
16/01/2003,63.825,30.45,3.93
17/01/2003,62.8,28.96,3.94
21/01/2003,63.45,29.2,4
22/01/2003,62.825,28.43,3.8
23/01/2003,63.75,28.35,3.65
24/01/2003,64.125,27.9,3.7
27/01/2003,62.95,28,3.22
28/01/2003,62.625,29.3,2.9
29/01/2003,62.6625,29.6,3.35
30/01/2003,63.175,30.08,3.67
31/01/2003,61.83,28.85,3.53
3/02/2003,62.805,29.57,3.5
4/02/2003,62.15,29.76,3.3
5/02/2003,61.99,28.75,3.37
6/02/2003,61.69,28.25,3.08
7/02/2003,61.75,28.1,3.28
10/02/2003,61.24,27.67,3
11/02/2003,62.245,28.7,2.8
12/02/2003,61.725,27.82,3
13/02/2003,61.25,27.7,2.88
14/02/2003,61.595,27.4,3.32
18/02/2003,62.565,28,3.28
19/02/2003,63.31,28.23,3.14
20/02/2003,63,28.16,3.19
21/02/2003,62.75,27.69,3.4
24/02/2003,63.43,28.2,3.45
25/02/2003,62.515,27.73,3.17
26/02/2003,62.85,27.79,3.33
27/02/2003,62.8,27.05,3.21
28/02/2003,63.205,27.74,3.2
3/03/2003,62.925,28,3.42
4/03/2003,62.425,27.78,3.3
5/03/2003,61.925,27.2,3.29
6/03/2003,62.425,27.05,3.3
7/03/2003,61.5,26.95,3.22
10/03/2003,61.8,26.97,3.25
11/03/2003,60.84,25.95,3.15
12/03/2003,60.585,24.35,3.18
13/03/2003,61.5,24.3,3.28
14/03/2003,62.85,25.2,3.22
17/03/2003,62.65,26.5,3.12
18/03/2003,64.23,27.98,3.18
19/03/2003,64.985,27.65,3.39
20/03/2003,64.865,28.4,3.25
21/03/2003,65.725,28.86,3.21
24/03/2003,66.05,30.02,3.27
25/03/2003,65.29,29.42,3.31
26/03/2003,66.155,29.5,3.68
27/03/2003,65.275,29.31,3.52
28/03/2003,65.83,29.2,3.6
31/03/2003,63.96,29.3,3.52
1/04/2003,65.02,29.3,3.77
2/04/2003,66.15,30.25,3.9
3/04/2003,66.835,30.9,3.91
4/04/2003,66.93,30.94,4.2
7/04/2003,67.475,32.5,4.98
8/04/2003,66.285,31.14,4.55
9/04/2003,66.74,31.05,4.65
10/04/2003,65.805,30.6,4.47
11/04/2003,66.395,30.17,4.37
14/04/2003,66.46,29.99,4.29
15/04/2003,66.5,30.6,4.48
16/04/2003,66.82,31.4,4.45
17/04/2003,64.505,30.63,4.48
21/04/2003,65.015,31.53,4.43
22/04/2003,64.475,32.16,4.6
23/04/2003,64.8,33.94,5.01
24/04/2003,63.9,34.57,4.99
25/04/2003,62.59,33.75,5.49
28/04/2003,61.565,33.01,5.55
29/04/2003,63.4,33.5,5.75
30/04/2003,63.485,34.25,5.99
1/05/2003,63.02,33.16,6.1
2/05/2003,62,33.54,6.1
5/05/2003,63.075,33.8,6.8
6/05/2003,62.405,33.98,6.37
7/05/2003,61.415,33.71,6.12
8/05/2003,60.76,31.7,6.18
9/05/2003,61.63,32.6,6.26
12/05/2003,61.41,32.85,6.56
13/05/2003,61.78,34.03,6.85
14/05/2003,62,34,6.88
15/05/2003,61.61,34.5,6.88
16/05/2003,62.93,34.45,6.95
19/05/2003,62.6,34.55,7.31
20/05/2003,62.425,33.92,7.34
21/05/2003,62.06,33.52,7.14
22/05/2003,61.75,33.3,6.73
23/05/2003,62.51,33.25,7.14
27/05/2003,61.75,33.59,7.23
28/05/2003,63.37,34.4,7.94
29/05/2003,62.63,35.08,7.64
30/05/2003,62,35.35,8.02
2/06/2003,63.625,36.98,8.01
3/06/2003,62.55,36.9,7.95
4/06/2003,63,35.61,8.05
5/06/2003,62.905,35.25,8.29
6/06/2003,63.625,36.78,8.45
9/06/2003,63.205,35.45,7.85
10/06/2003,63.475,34.5,8
11/06/2003,63.015,35.25,7.64
12/06/2003,64.25,36,7.97
13/06/2003,64.25,35.75,8.12
16/06/2003,64.21,35.8,8.07
17/06/2003,65.24,37.02,8.2
18/06/2003,65.24,36.23,7.03
19/06/2003,65.875,36.16,7.22
20/06/2003,66.025,34.95,7.32
23/06/2003,65.39,34.64,6.8
24/06/2003,64.785,34.47,6.58
25/06/2003,64.965,36,6.45
26/06/2003,64.525,35.1,6.65
27/06/2003,65.125,36.1,6.6
30/06/2003,64.375,34.84,6.41
1/07/2003,64.49,34.3,6.3
2/07/2003,64.445,34.5,6.57
3/07/2003,64.5,34.48,6.95
7/07/2003,64.685,34.45,7.4
8/07/2003,64.935,34.65,7.22
9/07/2003,64.925,34.88,7.17
10/07/2003,64.5,34.74,7.2
11/07/2003,64.45,34.06,7.05
14/07/2003,65.16,34.35,7.05
15/07/2003,64.98,34.6,7.05
16/07/2003,64.1,34.75,7.1
17/07/2003,63.5,33.59,6.9
18/07/2003,64.25,33.45,7
21/07/2003,66.225,33.11,6.8
22/07/2003,68.18,33.3,6.52
23/07/2003,68.825,32.46,6.95
24/07/2003,69.5,31.7,6.85
25/07/2003,69.68,31.67,6.95
28/07/2003,70.4,32.15,6.75
29/07/2003,70.275,33,6.72
30/07/2003,69.78,32.91,6.69
31/07/2003,69.8,33.58,6.35
1/08/2003,69.7,32.99,6.29
4/08/2003,69.51,32.06,6
5/08/2003,69.96,32.45,5.99
6/08/2003,69.35,32.11,6.02
7/08/2003,68.98,32.4,6
8/08/2003,69.43,32.05,5.94
11/08/2003,69.975,32.8,6
12/08/2003,71,32.8,6.07
13/08/2003,71.99,33.25,6.3
14/08/2003,71.65,32.85,6.4
15/08/2003,71.425,33.02,6.33
18/08/2003,71.25,33.11,6.27
19/08/2003,72.175,33.15,6.16
20/08/2003,72.225,32.83,6.13
21/08/2003,72.025,34.13,6.49
22/08/2003,72.85,33.76,6.7
25/08/2003,71.835,33.25,6.4
26/08/2003,71.69,32.95,6.23
27/08/2003,71.94,32.93,6.22
28/08/2003,71.35,32.65,6.26
29/08/2003,71.125,32,6.28
2/09/2003,70.5,32.1,6.6
3/09/2003,70.075,32.5,6.62
4/09/2003,71.31,32.15,6.7
5/09/2003,69.725,32.19,6.92
8/09/2003,69.6,32.53,7.08
9/09/2003,68.8,33.06,7.37
10/09/2003,68.705,32.7,7.03
11/09/2003,68.335,32.92,6.95
12/09/2003,69.175,31.8,7.09
15/09/2003,69.275,31.57,7.13
16/09/2003,69.34,32.5,7.26
17/09/2003,70.405,33.39,7.28
18/09/2003,70.25,32.7,7.44
19/09/2003,70.925,34.5,7.43
22/09/2003,70.525,33.45,7.33
23/09/2003,71,33.35,7.46
24/09/2003,71.325,33.85,7.43
25/09/2003,70.575,33.05,7.12
26/09/2003,71.575,32.7,7.06
29/09/2003,71.6,32.9,7.5
30/09/2003,69.9,33.25,7.27
1/10/2003,69.94,33.09,7.43
2/10/2003,71,33.94,7.55
3/10/2003,73.15,34.95,7.7
6/10/2003,73.03,35,7.95
7/10/2003,72.84,34.85,7.75
8/10/2003,73.31,35,7.99
9/10/2003,73.4,35.15,7.95
10/10/2003,74,34.45,7.9
13/10/2003,74.55,34.2,7.83
14/10/2003,74.33,34.8,8.04
15/10/2003,74.75,35.05,8.13
16/10/2003,73.8,35.25,7.85
17/10/2003,73.69,34,8.25
20/10/2003,75.7,33.99,8
21/10/2003,75.97,34.23,8.12
22/10/2003,75.48,34.43,7.75
23/10/2003,75.82,33.57,7.8
24/10/2003,75.93,34,7.9
27/10/2003,75.68,34.15,8.16
28/10/2003,76.23,34.15,8.03
29/10/2003,77.25,33.99,8.1
30/10/2003,77.57,35.9,8.16
31/10/2003,78.06,35.75,8.97
3/11/2003,78.96,36.07,8.77
4/11/2003,78.65,36.22,8.84
5/11/2003,79.5,35.62,9.05
6/11/2003,78.52,35.3,8.86
7/11/2003,79.65,35.1,8.7
10/11/2003,79.04,34.6,9.02
11/11/2003,78.85,34.66,8.77
12/11/2003,78.5,35.26,8.9
13/11/2003,78.78,35.57,9.11
14/11/2003,79.89,35.3,9.04
17/11/2003,78.53,34.26,8.77
18/11/2003,78.19,34.86,8.65
19/11/2003,76.95,34.39,8.49
20/11/2003,76.1,34.35,8.31
21/11/2003,76.98,34.45,8.23
24/11/2003,77.95,34.6,8.25
25/11/2003,79.5,34.59,8.39
26/11/2003,79.45,35.84,8.65
28/11/2003,78.65,36.25,8.78
1/12/2003,79.5,36.55,8.93
2/12/2003,81.38,37.74,9.05
3/12/2003,80.95,38.32,8.81
4/12/2003,80.72,38,8.13
5/12/2003,80.88,38.65,8.02
8/12/2003,80.8,38.56,8.08
9/12/2003,82.1,39.15,8.17
10/12/2003,82.1,38.7,8.05
11/12/2003,81.19,38.4,7.96
12/12/2003,81.56,38.5,7.88
15/12/2003,82.54,39.02,8.45
16/12/2003,82,38.07,8.41
17/12/2003,82.99,38.28,8.5
18/12/2003,83.5,38.54,8.58
19/12/2003,83.55,38.68,8.75
22/12/2003,84.38,39.64,8.79
23/12/2003,85.15,40.1,8.78
24/12/2003,84.61,40.9,8.97
26/12/2003,84.33,41.09,8.91
29/12/2003,84.12,40.91,8.89
30/12/2003,84.4,40.8,9.32
31/12/2003,84.48,41.5,9.47
2/01/2004,85,41.42,9.44
5/01/2004,83.58,41.25,9.51
6/01/2004,84.5,41.3,9.71
7/01/2004,84.12,41.38,9.75
8/01/2004,83.24,41.3,10.05
9/01/2004,82.35,41.93,9.94
12/01/2004,82.54,42.2,10.04
13/01/2004,83.05,43,10.1
14/01/2004,83.13,42.85,10
15/01/2004,83.7,43.35,10.01
16/01/2004,84.95,43.5,9.91
20/01/2004,86.2,42.6,9.98
21/01/2004,80.95,42.91,10.45
22/01/2004,81.98,43.5,10.73
23/01/2004,82.65,43.15,10.75
26/01/2004,81.96,42.53,10.74
27/01/2004,82.67,43.4,10.66
28/01/2004,82.25,43.43,10.51
29/01/2004,80.02,42.93,10.43
30/01/2004,79.2,42.55,9.8
2/02/2004,78.89,43.2,9.7
3/02/2004,79.1,43.26,9.25
4/02/2004,78.9,43.25,9.5
5/02/2004,79.1,44.98,8.95
6/02/2004,79,44.95,9.08
9/02/2004,79.8,44.5,9.47
10/02/2004,79.55,44.59,9.65
11/02/2004,80.75,44.35,9.53
12/02/2004,81.4,44.5,9.25
13/02/2004,81.05,45.08,9.32
17/02/2004,80.4,45,9.19
18/02/2004,80.2,44.9,9.3
19/02/2004,79.98,44.88,9.24
20/02/2004,79.38,44.6,9.27
23/02/2004,79.75,44.58,9.1
24/02/2004,80.25,44.15,8.5
25/02/2004,79.05,43.65,8.57
26/02/2004,78.32,43.6,8.76
27/02/2004,78.25,43.1,8.9
1/03/2004,78.47,44.75,9.06
2/03/2004,78.95,44.8,8.96
3/03/2004,78.32,44.51,8.8
4/03/2004,79.01,45,8.77
5/03/2004,78.8,45,8.67
8/03/2004,78.62,45.05,8.65
9/03/2004,77.67,44.87,8.42
10/03/2004,77.77,44.65,8.51
11/03/2004,75.27,43.6,7.7
12/03/2004,75.35,43.8,7.95
15/03/2004,76.1,43.98,8.12
16/03/2004,77.31,42.8,8.1
17/03/2004,79.45,43.4,8.51
18/03/2004,79.22,43.3,8.7
19/03/2004,79.88,42.6,8.53
22/03/2004,79.1,42.46,8.31
23/03/2004,80,42.01,8.28
24/03/2004,79.6,42.2,8.15
25/03/2004,80,41.86,8.28
26/03/2004,80.6,42.25,8.25
29/03/2004,80,42.35,8.3
30/03/2004,80.57,43,8.24
31/03/2004,81.93,42.93,8.48
1/04/2004,81.87,42.76,8.63
2/04/2004,82,43.71,8.58
5/04/2004,81.9,44.1,8.57
6/04/2004,82.35,44.55,8.6
7/04/2004,82.62,44.86,8.8
8/04/2004,82.95,45.2,8.8
12/04/2004,82.63,45,8.56
13/04/2004,83.52,45.9,8.45
14/04/2004,81.64,45.39,8.27
15/04/2004,82.66,43.95,8.29
16/04/2004,83.3,43.45,8.05
19/04/2004,83.95,43.25,7.96
20/04/2004,84,43.25,7.9
21/04/2004,83.2,42.15,7.78
22/04/2004,83.78,42.5,7.74
23/04/2004,86.3,43.45,7.92
26/04/2004,87.51,43.03,7.87
27/04/2004,87.28,42.65,7.82
28/04/2004,87.9,43.22,8
29/04/2004,86.72,44.29,8.7
30/04/2004,86.05,44.72,8.5
3/05/2004,86.5,43.98,8.57
4/05/2004,86.43,44.02,9
5/05/2004,86.5,43.45,9
6/05/2004,85.12,43.21,8.87
7/05/2004,84.45,42.75,8.38
10/05/2004,83.65,41.35,8.15
11/05/2004,84.47,41.05,7.94
12/05/2004,83.6,41.85,8.27
13/05/2004,85,41.21,8.15
14/05/2004,84.01,41.43,8.22
17/05/2004,82.76,41.07,8.07
18/05/2004,83.32,40.92,8
19/05/2004,83,41,8.05
20/05/2004,82.45,40.45,7.93
21/05/2004,82.45,40,8.14
24/05/2004,82.93,41.56,8.18
25/05/2004,82.54,41.25,8.5
26/05/2004,83.72,41.56,9
27/05/2004,84.55,41.9,9
28/05/2004,85,41.42,9.19
1/06/2004,84.13,41.23,9.24
2/06/2004,85.45,41.99,9.26
3/06/2004,85.46,41.8,9.3
4/06/2004,85.3,42.25,9.06
7/06/2004,84.86,42.9,9.27
8/06/2004,84.8,43.06,9.52
9/06/2004,86,42.9,9.5
10/06/2004,85.44,42.42,9.4
14/06/2004,85.6,41.65,9.13
15/06/2004,85.95,41.86,9.33
16/06/2004,85.55,42.1,9.64
17/06/2004,85,42.1,9.52
18/06/2004,85.93,42.6,9.94
21/06/2004,86.9,42.5,9.82
22/06/2004,87.79,42.73,9.75
23/06/2004,89.02,42.71,9.98
24/06/2004,89.15,42.9,9.95
25/06/2004,88.6,42.8,9.98
28/06/2004,89.05,43.15,10.16
29/06/2004,88.69,42.34,10
30/06/2004,89.98,42.3,9.79
1/07/2004,90,42.28,9.87
2/07/2004,88.33,42.15,9.74
6/07/2004,87.07,41.5,9.88
7/07/2004,87.55,41.45,9.81
8/07/2004,88.43,41.24,9.99
9/07/2004,88.2,41.65,9.89
12/07/2004,87.77,42,9.9
13/07/2004,87.72,42.43,10
14/07/2004,86.57,42.41,10.2
15/07/2004,88.19,42.6,10.29
16/07/2004,89.3,42.86,10.27
19/07/2004,85.5,42.23,10.19
20/07/2004,83.45,41.4,10.18
21/07/2004,85.2,40.5,10.25
22/07/2004,83.02,39.4,9.45
23/07/2004,83.7,38.7,9.74
26/07/2004,82.62,39.5,9.64
27/07/2004,81.98,39.7,9.56
28/07/2004,83.05,39.57,9.75
29/07/2004,82.69,39.99,9.9
30/07/2004,82.12,40.08,9.68
2/08/2004,82.3,40.5,9.68
3/08/2004,83.26,39.8,9.6
4/08/2004,82.4,39.25,9.69
5/08/2004,82.83,39.61,9.4
6/08/2004,80.76,39.1,9.09
9/08/2004,79.8,38.3,9.17
10/08/2004,80,38.45,9.32
11/08/2004,79.3,38.56,9.35
12/08/2004,79.02,38.63,9.41
13/08/2004,78.15,38.25,9.4
16/08/2004,78.15,38.23,9.5
17/08/2004,78.15,39.15,9.85
18/08/2004,78.2,38.8,9.93
19/08/2004,79.75,39.31,9.91
20/08/2004,79.6,39.43,9.9
23/08/2004,80.19,39.13,10.23
24/08/2004,80.7,39.15,10.15
25/08/2004,80.35,39.13,10
26/08/2004,81.23,39.23,10.08
27/08/2004,80.95,38.91,9.99
30/08/2004,81.5,39,9.99
31/08/2004,81.38,38.95,9.93
1/09/2004,82.12,38.38,10.03
2/09/2004,82.76,37.5,10.02
3/09/2004,83.57,38.4,10.11
7/09/2004,84.2,39.05,10
8/09/2004,84.22,39.1,9.97
9/09/2004,84.1,38.86,9.99
10/09/2004,83.9,38.7,10.1
13/09/2004,84.69,38.8,10.02
14/09/2004,84.65,39.51,9.95
15/09/2004,83.92,39.38,10.2
16/09/2004,82.2,39.68,9.98
17/09/2004,82.05,40.42,10.22
20/09/2004,82.15,39.96,10.37
21/09/2004,81.27,39.85,10.52
22/09/2004,81.2,39.6,10.6
23/09/2004,80.02,39.3,10.38
24/09/2004,78.87,39.17,10.32
27/09/2004,78.68,39.19,10.16
28/09/2004,78.26,38.16,10.08
29/09/2004,78.85,38.78,9.98
30/09/2004,78.68,38.85,9.75
1/10/2004,80,40.37,10
4/10/2004,80.15,41.1,10.5
5/10/2004,78.95,42.35,10.43
6/10/2004,79.63,42.28,10.63
7/10/2004,81.97,42.28,10.6
8/10/2004,79.76,41.53,10.2
11/10/2004,79.5,40.5,10.58
12/10/2004,79.15,40.45,10.74
13/10/2004,79.45,40.75,10.98
14/10/2004,78.15,40.11,10.74
15/10/2004,77.65,35.49,10.91
18/10/2004,75,34.98,11.08
19/10/2004,76.8,35,11.1
20/10/2004,75.53,32.5,11.11
21/10/2004,76.95,34.01,10.85
22/10/2004,77.85,33.8,11.14
25/10/2004,75.37,35.2,10.98
26/10/2004,75.4,36.5,10.98
27/10/2004,75.81,36.93,11.3
28/10/2004,77.03,37.1,11.4
29/10/2004,76.95,37.99,10.85
1/11/2004,77.5,38.2,11.05
2/11/2004,76.35,38.25,11.1
3/11/2004,76,38.96,11.12
4/11/2004,75.54,38.51,11.2
5/11/2004,78.5,39.02,11.39
8/11/2004,81.4,39.2,11.42
9/11/2004,81.63,39.5,11.57
10/11/2004,81.13,39.64,11.76
11/11/2004,81.35,39.15,11.74
12/11/2004,82,39.37,11.98
15/11/2004,82.8,39.4,12.14
16/11/2004,82.2,38.75,12.24
17/11/2004,81.98,38.97,12.45
18/11/2004,82,38.6,12.34
19/11/2004,82.17,38.94,12.3
22/11/2004,80.95,39,12.25
23/11/2004,80.74,39.44,12.61
24/11/2004,80.17,39.9,12.6
26/11/2004,80,40.1,12.74
29/11/2004,80.2,40.3,12.77
30/11/2004,80,40.15,12.2
1/12/2004,79.5,40.65,12.15
2/12/2004,80.2,41.02,12.32
3/12/2004,80.12,41.5,12.21
6/12/2004,80.75,40.8,12.45
7/12/2004,80.62,40.74,12.68
8/12/2004,79,39.63,12.5
9/12/2004,79.06,39.7,12.34
10/12/2004,78.6,41.17,12.17
13/12/2004,79.05,40.7,12.3
14/12/2004,78.5,41.4,12.49
15/12/2004,78.87,42.08,12.32
16/12/2004,79.14,42.05,12.61
17/12/2004,80.4,41.75,12.32
20/12/2004,80.21,42.45,12.6
21/12/2004,80.77,41.7,12.67
22/12/2004,81,42.16,13.13
23/12/2004,81.86,42.4,13.42
27/12/2004,82.59,41.96,13.17
28/12/2004,82.4,41.75,13.35
29/12/2004,82.75,42.15,13.5
30/12/2004,82.7,42.47,13.52
31/12/2004,82.73,42.8,13.65
3/01/2005,82.17,42.95,13.67
4/01/2005,82.4,42.34,13.54
5/01/2005,81.7,42.23,13.15
6/01/2005,80.88,42.18,13.02
7/01/2005,81.5,42.75,12.98
10/01/2005,82.3,42.2,12.94
11/01/2005,83.95,42,13.01
12/01/2005,84.58,42.54,12.97
13/01/2005,84.66,42.74,13.31
14/01/2005,83.79,42.4,13.45
18/01/2005,83.99,42.5,13.5
19/01/2005,82.5,43.69,13.84
20/01/2005,82.7,43.63,13.69
21/01/2005,82.75,43.56,13.8
24/01/2005,81.5,42.4,13.86
25/01/2005,82.15,42.26,13.89
26/01/2005,82.97,42.61,13.75
27/01/2005,83,42.97,13.68
28/01/2005,82.89,42.76,13.72
31/01/2005,83.6,42.5,13.99
1/02/2005,84.35,43.65,14.05
2/02/2005,83.77,43.87,14.31
3/02/2005,83.4,44.76,14.51
4/02/2005,83.55,44.2,14.98
7/02/2005,84.05,45.7,15.24
8/02/2005,83.55,45.7,15.1
9/02/2005,84.34,45.77,15.2
10/02/2005,83.39,46,15.11
11/02/2005,83.98,46.06,15.4
14/02/2005,84.47,47.04,15.5
15/02/2005,85,46.55,15.51
16/02/2005,85.5,46.48,15.7
17/02/2005,86.48,45.92,16.2
18/02/2005,85.78,45.08,16.5
22/02/2005,85.4,44.5,16.5
23/02/2005,83.68,44.3,16.04
24/02/2005,83.78,44.48,16.28
25/02/2005,84.2,44.52,16.5
28/02/2005,84.6,44.65,16.79
1/03/2005,83.95,44.3,16.76
2/03/2005,84.4,44.45,16.75
3/03/2005,84.97,45.48,17.09
4/03/2005,85.8,45.35,17.3
7/03/2005,86.46,45.55,17.75
8/03/2005,86.41,45.59,17.5
9/03/2005,86.2,45.74,17.17
10/03/2005,86.1,45.27,16.76
11/03/2005,86.65,45.2,16.2
14/03/2005,85.75,45.55,16.9
15/03/2005,86,45.3,17.3
16/03/2005,85.65,44.34,17.65
17/03/2005,85.87,44.62,17.49
18/03/2005,86.4,43.76,17.51
21/03/2005,86,43.04,17.39
22/03/2005,85.48,42.83,17.25
23/03/2005,85.15,41.99,15.75
24/03/2005,85.25,41.98,15.52
28/03/2005,85.29,41.71,16.4
29/03/2005,85.18,42.09,16.59
30/03/2005,84.85,42.25,16.35
31/03/2005,85.95,41.91,16.17
1/04/2005,86,41.27,16.5
4/04/2005,85.23,40.06,16.59
5/04/2005,84.68,41.5,16.7
6/04/2005,85,41.45,17.12
7/04/2005,85.1,41.31,17
8/04/2005,85,41.3,17.1
11/04/2005,84.75,40.4,17.05
12/04/2005,84.24,40.25,16.95
13/04/2005,84.97,40.6,17.39
14/04/2005,83.9,40.06,17.39
15/04/2005,82.39,39.15,16.75
18/04/2005,79.6,39.55,16.4
19/04/2005,76.6,39.28,16.57
20/04/2005,77.17,39.4,16.89
21/04/2005,76.9,38.85,16.86
22/04/2005,77.91,39.9,16.62
25/04/2005,77.67,40,16.6
26/04/2005,77.52,39.8,16.55
27/04/2005,75.87,39.99,16.4
28/04/2005,75.9,41.65,16.55
29/04/2005,75.71,42.05,16.06
2/05/2005,76.47,43.2,16.18
3/05/2005,76.84,43,16.25
4/05/2005,76.7,43.3,16.09
5/05/2005,77.35,43.95,16.15
6/05/2005,77.58,43.51,15.91
9/05/2005,77.18,43.39,15.93
10/05/2005,77.58,43.33,16.04
11/05/2005,76.79,42.6,15.92
12/05/2005,77.24,42.76,15.33
13/05/2005,76.07,42.6,14.5
16/05/2005,75.97,41.91,14.23
17/05/2005,76.05,42.63,14
18/05/2005,76.98,43.52,14.23
19/05/2005,78.1,43.42,14.06
20/05/2005,77.8,43.7,14.05
23/05/2005,77.3,43.48,13
24/05/2005,78.12,43.22,13.9
25/05/2005,78.18,43.25,14.41
26/05/2005,77.8,43.28,14.65
27/05/2005,76.93,43.35,14.71
31/05/2005,77.01,43.55,14.52
1/06/2005,76.78,43.49,14.89
2/06/2005,77.01,43.8,14.65
3/06/2005,76.59,43.4,14.59
6/06/2005,75.86,43.22,14.55
7/06/2005,76.5,43.75,15.04
8/06/2005,76.92,44.45,14.94
9/06/2005,76.56,44.37,14.86
10/06/2005,76,44.79,14.72
13/06/2005,75.96,44.54,14.85
14/06/2005,76.61,45.14,15.06
15/06/2005,76.9,45.78,15.27
16/06/2005,76.13,45.47,15.46
17/06/2005,77.28,46.66,15.78
20/06/2005,77.5,45.75,15.73
21/06/2005,77.4,45.5,15.98
22/06/2005,77.85,45.85,15.88
23/06/2005,78.21,45.39,15.75
24/06/2005,75.75,44.53,15.81
27/06/2005,75.68,43.71,15.33
28/06/2005,76.3,44.15,16.01
29/06/2005,77.07,44.74,16.3
30/06/2005,74.24,45.02,16.5
1/07/2005,72.31,45,16.36
5/07/2005,73.04,45,16.57
6/07/2005,73.63,45.4,16.54
7/07/2005,72,44.47,15.55
8/07/2005,73.9,45.16,15.91
11/07/2005,75.39,45.09,16.28
12/07/2005,76.14,45.61,16.19
13/07/2005,75.1,45.25,16.16
14/07/2005,75.12,45.29,16.5
15/07/2005,75.8,45.5,16.35
18/07/2005,75.45,45.96,16.59
19/07/2005,74.57,45.94,16.68
20/07/2005,74.11,46.2,16.38
21/07/2005,75.12,46.48,16.3
22/07/2005,74.8,46.16,16.15
25/07/2005,74.84,46.3,16.14
26/07/2005,74.63,46.2,16.12
27/07/2005,74.09,46.19,16.05
28/07/2005,73.69,46.84,15.74
29/07/2005,74.87,46.64,16.07
1/08/2005,75.1,46.48,16.02
2/08/2005,75.31,46.43,16.13
3/08/2005,74.55,46.88,16.2
4/08/2005,74.19,46.73,16.17
5/08/2005,73.35,46.3,16.13
8/08/2005,72.88,45.8,15.76
9/08/2005,72.47,45.6,15.21
10/08/2005,72.18,45.95,15.25
11/08/2005,72.22,45.4,15.54
12/08/2005,72.35,45.38,15.6
15/08/2005,72,44.74,15.4
16/08/2005,72.24,44.96,15.35
17/08/2005,71.24,44.46,15.2
18/08/2005,71.89,44.4,15.26
19/08/2005,72.16,45.02,15.35
22/08/2005,72.36,45.31,15.3
23/08/2005,71.92,45.23,15.72
24/08/2005,70.73,45.16,15.69
25/08/2005,71.53,44.81,15.41
26/08/2005,71.18,44.59,15.5
29/08/2005,70.5,44,15.5
30/08/2005,71.08,44.3,15.35
31/08/2005,70.86,44.05,15.54
1/09/2005,71.4,44.32,15.74
2/09/2005,71.39,44.75,15.55
6/09/2005,72.08,44.68,15.35
7/09/2005,72.83,45.1,15.26
8/09/2005,72.25,44.87,15.38
9/09/2005,73.45,43.71,15.09
12/09/2005,73.73,43.96,15.17
13/09/2005,74.04,44.82,15.35
14/09/2005,74.15,46.2,15.33
15/09/2005,73.52,45.65,15.3
16/09/2005,73.67,46.12,15.37
19/09/2005,73.25,47.31,15.17
20/09/2005,72.39,46.15,15.08
21/09/2005,72.36,45.67,14.8
22/09/2005,72.2,43.4,14.8
23/09/2005,72.8,43.59,14.9
26/09/2005,73.1,46.5,14.97
27/09/2005,73,46.88,15.34
28/09/2005,73.52,45.7,15.8
29/09/2005,72.89,45.5,15.85
30/09/2005,73.18,46.65,16.15
3/10/2005,73.26,46.25,16.3
4/10/2005,72.53,45.8,17.09
5/10/2005,71.41,47,17.05
6/10/2005,71.36,47.8,16.65
7/10/2005,71.51,48,16.37
10/10/2005,72,47.25,16.68
11/10/2005,71.25,47.69,16.31
12/10/2005,70.29,47.6,16.32
13/10/2005,70.11,47.43,16.1
14/10/2005,70.28,48.46,15.88
17/10/2005,71.01,49.3,15.85
18/10/2005,73.3,49.8,15.79
19/10/2005,74.72,50.04,15.3
20/10/2005,75.65,50.18,16.03
21/10/2005,74.75,49.9,15.45
24/10/2005,75.39,50.5,15.54
25/10/2005,75.75,50.53,15.8
26/10/2005,75.58,50.25,15.86
27/10/2005,75.42,50.75,15.6
28/10/2005,75.25,50.6,15.33
31/10/2005,76.24,51.55,15.6
1/11/2005,75.5,51.75,15.9
2/11/2005,75.08,51.87,15.67
3/11/2005,75.3,52.94,14.64
4/11/2005,75.35,53,15.62
7/11/2005,75.65,53.66,15.62
8/11/2005,75.85,53.9,15.05
9/11/2005,76,53.7,14.99
10/11/2005,76.09,54.17,15.33
11/11/2005,77.41,55.63,15.5
14/11/2005,77.35,56.85,15.55
15/11/2005,77.58,56.35,15.32
16/11/2005,78.4,55.12,15.33
17/11/2005,77.3,54.98,15.4
18/11/2005,78.75,55.66,15.89
21/11/2005,78.4,55.76,15.81
22/11/2005,79.1,55.44,15.82
23/11/2005,78.07,55.2,15.7
25/11/2005,78.07,56.28,15.86
28/11/2005,78.49,56.24,15.83
29/11/2005,78.21,55.6,15.83
30/11/2005,78.35,55.87,15.77
1/12/2005,78.77,55.8,15.88
2/12/2005,79.05,55.68,15.8
5/12/2005,79.1,54.5,15.42
6/12/2005,78.45,54.8,15.8
7/12/2005,78.4,53.57,15.79
8/12/2005,77.83,53.15,15.74
9/12/2005,77.46,53.96,15.9
12/12/2005,77.87,55.01,16.05
13/12/2005,77.4,54.86,16.07
14/12/2005,76.83,55.1,16.36
15/12/2005,77.37,55.1,16.16
16/12/2005,77.94,53.85,16.08
19/12/2005,76.9,54.95,16.16
20/12/2005,77.32,53.5,15.89
21/12/2005,77.63,53.75,15.94
22/12/2005,78.48,53.8,15.77
23/12/2005,77.89,53.76,15.9
27/12/2005,78.64,54,16.12
28/12/2005,77.59,53.65,15.94
29/12/2005,78.35,54.05,15.77
30/12/2005,78.11,53.87,15.72
3/01/2006,77.76,54.05,15.92
4/01/2006,79.49,54.55,16.35
5/01/2006,78.41,55.64,16.83
6/01/2006,78.64,55.59,16.89
9/01/2006,78.5,56.09,17
10/01/2006,79,55.85,16.56
11/01/2006,78.44,56.41,16.67
12/01/2006,78.2,56.62,16.55
13/01/2006,76.95,55.41,16.41
17/01/2006,77.1,54.9,16.3
18/01/2006,77,54.86,16.39
19/01/2006,77.19,55,17
20/01/2006,76.91,54.5,18.88
23/01/2006,75.5,52.92,17.6
24/01/2006,74.01,52.85,17.64
25/01/2006,73.25,52.36,17.54
26/01/2006,73.22,52.96,17.1
27/01/2006,72.45,53.34,16.83
30/01/2006,72.9,54.48,16.94
31/01/2006,72.4,54.8,17
1/02/2006,72.3,55.5,17.12
2/02/2006,73.16,55.06,17.12
3/02/2006,71.75,54.15,17.1
6/02/2006,71,53.9,17.27
7/02/2006,71.16,54.27,17.23
8/02/2006,70.65,53.92,17.32
9/02/2006,71.36,53.1,17.22
10/02/2006,72.29,52.5,17.06
13/02/2006,72.69,52.92,17.13
14/02/2006,73.5,53,17
15/02/2006,73.71,54.61,16.89
16/02/2006,73.2,55.03,17.06
17/02/2006,73.15,54.82,17.39
21/02/2006,73.67,54.95,17.69
22/02/2006,73.19,55.5,17.55
23/02/2006,73.1,56.15,17.38
24/02/2006,73.94,55.89,17.36
27/02/2006,74,55.32,17.65
28/02/2006,73.7,55.63,17.51
1/03/2006,74.19,55.9,17.27
2/03/2006,73.64,55.51,17.25
3/03/2006,73.05,55.78,17.14
6/03/2006,72.46,55.3,17.39
7/03/2006,71.8,55.39,16.92
8/03/2006,72.51,55.28,17.16
9/03/2006,72.53,55,17.11
10/03/2006,71.9,54.09,17.24
13/03/2006,72.5,54.83,17.24
14/03/2006,72.18,55.73,17.02
15/03/2006,73.28,56.2,16.94
16/03/2006,74.49,56.5,17.36
17/03/2006,75.3,56.51,17.66
20/03/2006,74.84,56.21,17.62
21/03/2006,75.2,56.62,17.11
22/03/2006,74.76,55.15,16.51
23/03/2006,76.68,55.25,16.96
24/03/2006,76.65,55.26,17.02
27/03/2006,76.7,54.8,16.81
28/03/2006,76.84,54.48,16.93
29/03/2006,77.81,52.71,16.79
30/03/2006,77.57,52.58,16.86
31/03/2006,76.52,52.05,16.87
3/04/2006,75.97,52.52,17.1
4/04/2006,76.52,51.97,16.85
5/04/2006,77.89,52.08,17.2
6/04/2006,79.99,52.21,16.95
7/04/2006,81.25,52.57,16.75
10/04/2006,80.11,51.38,17.11
11/04/2006,80.17,52.1,16.93
12/04/2006,79.98,51,16.58
13/04/2006,80.9,50.7,16.35
17/04/2006,80.55,50.22,16.56
18/04/2006,80.36,50.78,16.87
19/04/2006,81.69,52,16.87
20/04/2006,81.85,53.97,16.49
21/04/2006,84,54.91,16.71
24/04/2006,84.01,53.97,16.65
25/04/2006,85,53.55,16.7
26/04/2006,84.84,53,16.6
27/04/2006,85,54.6,16.47
28/04/2006,85,55,16.6
1/05/2006,85.51,55.33,16.99
2/05/2006,85.15,54.36,16.92
3/05/2006,84.75,55.25,16.65
4/05/2006,85.9,55,16.66
5/05/2006,86.69,54.2,16.8
8/05/2006,87.1,54.57,17.75
9/05/2006,87.61,54.65,17.61
10/05/2006,87.25,54,17.73
11/05/2006,87.25,53.98,17.65
12/05/2006,86.9,53.6,18.2
15/05/2006,86.7,53,18.25
16/05/2006,87.12,53.67,18.25
17/05/2006,85.9,53.28,18.03
18/05/2006,83.63,51.84,18
19/05/2006,84.56,52.56,18.3
22/05/2006,84.31,52.15,17.87
23/05/2006,83.6,52.23,18.03
24/05/2006,83.19,52.51,17.74
25/05/2006,83.95,53.32,17.79
26/05/2006,83.26,53.02,17.88
30/05/2006,83.5,52.25,17.88
31/05/2006,83.7,51.5,18.1
1/06/2006,83.66,51.77,18.48
2/06/2006,84.8,51.85,18.6
5/06/2006,84.1,50.85,18.75
6/06/2006,83.2,49.9,18.7
7/06/2006,82.26,49.6,18.64
8/06/2006,79.8,50.02,18.58
9/06/2006,81.39,50.58,18.17
12/06/2006,80.57,50,18.36
13/06/2006,80.35,48.92,18.25
14/06/2006,79.8,48.37,18
15/06/2006,79.65,49,17.92
16/06/2006,80.98,48.8,17.54
19/06/2006,80.7,48.5,17.47
20/06/2006,79.43,48.54,16.74
21/06/2006,79.9,48.8,17.22
22/06/2006,80.65,49.1,17.47
23/06/2006,79.6,48.76,17.41
26/06/2006,79.92,48.56,17.15
27/06/2006,80.4,49.53,17.52
28/06/2006,78.71,48.45,17.93
29/06/2006,79.29,49.31,18.2
30/06/2006,81.64,50.39,18.6
3/07/2006,81.15,50.72,18.65
5/07/2006,80.9,50.9,18.6
6/07/2006,80.87,49.4,18.93
7/07/2006,76.28,49.59,19
10/07/2006,74.48,49.8,19.31
11/07/2006,73.25,50.3,19.53
12/07/2006,73.5,50.46,19.78
13/07/2006,72.48,50.8,19.24
14/07/2006,71.66,50.24,19.25
17/07/2006,71.2,49.7,19.35
18/07/2006,70.9,50.6,19.74
19/07/2006,71.15,50.64,19.67
20/07/2006,71.4,51.48,19.74
21/07/2006,71.37,52.1,19.99
24/07/2006,71.05,51.29,20.15
25/07/2006,71,52.06,20.33
26/07/2006,68.11,53.95,20.51
27/07/2006,69.89,53.45,20.05
28/07/2006,70.31,52.09,19.98
31/07/2006,70.1,51.95,19.75
1/08/2006,70,51.54,19.79
2/08/2006,69.91,51.18,19.92
3/08/2006,69.61,50.85,19.75
4/08/2006,69.9,51.3,20.02
7/08/2006,69.4,50.7,19.76
8/08/2006,69.45,50.37,20.03
9/08/2006,69.36,49.75,20.45
10/08/2006,68.41,48.86,20.59
11/08/2006,68.55,49.55,20.37
14/08/2006,68.53,49.96,20.2
15/08/2006,69.49,50.33,20.55
16/08/2006,70.3,50.7,20.34
17/08/2006,70.79,50.94,20.3
18/08/2006,71.52,51.77,20.21
21/08/2006,71.3,52.09,20.38
22/08/2006,71.13,52.27,20.65
23/08/2006,71.05,51.95,20.87
24/08/2006,70.5,52.51,20.83
25/08/2006,70.06,51.96,20.54
28/08/2006,69.75,52.03,20.74
29/08/2006,70.94,52.4,20.87
30/08/2006,72,52.67,20.91
31/08/2006,71.8,52.92,21.01
1/09/2006,71.74,54.23,21.18
5/09/2006,71.74,54.1,21.19
6/09/2006,71.35,53.44,21.01
7/09/2006,71.5,53.53,20.77
8/09/2006,70.75,54.17,20.65
11/09/2006,71.52,55,20.35
12/09/2006,71.68,55.26,20.1
13/09/2006,72.6,56,20.05
14/09/2006,73.4,55.63,20.4
15/09/2006,74.25,55.56,20.61
18/09/2006,74.14,55.55,20.33
19/09/2006,74.78,55,20.38
20/09/2006,73.3,55.2,20.53
21/09/2006,73.75,55.15,20.47
22/09/2006,73.3,54.87,20.42
25/09/2006,73.18,54.7,20.35
26/09/2006,74.1,55.01,20.56
27/09/2006,74.85,55.51,20.62
28/09/2006,74.6,54.81,20.75
29/09/2006,74.6,55.37,20.65
2/10/2006,74.7,54.74,20.4
3/10/2006,73.26,54.15,20.25
4/10/2006,74.03,55.35,20.7
5/10/2006,75,56.15,20.54
6/10/2006,75.95,56.58,20.58
9/10/2006,75.56,56.29,20.29
10/10/2006,75.69,56.5,20.51
11/10/2006,75.2,57.05,20.89
12/10/2006,75.44,57.45,21.11
13/10/2006,75.83,57.67,20.85
16/10/2006,75.6,58.33,20.77
17/10/2006,75.25,57.35,20.91
18/10/2006,76,58.2,21.17
19/10/2006,75.53,57.6,21.22
20/10/2006,78.09,57.3,21.55
23/10/2006,78.5,56.3,21.75
24/10/2006,79.95,57.2,21.77
25/10/2006,79.75,58.5,21.9
26/10/2006,79.46,59,21.77
27/10/2006,79.2,58.94,21.6
30/10/2006,78.99,57.4,21.8
31/10/2006,78.99,57.98,21.75
1/11/2006,78.83,57.59,22.05
2/11/2006,78.84,56.95,22
3/11/2006,79.08,56.9,22.2
6/11/2006,78.9,56.36,22.08
7/11/2006,79.51,56.5,22.45
8/11/2006,79.44,57.36,21.93
9/11/2006,79.55,57.18,22.47
10/11/2006,79.15,56.73,22.49
13/11/2006,79.05,57.46,22.46
14/11/2006,79.5,57.59,22.75
15/11/2006,79.84,57.27,22.6
16/11/2006,80.25,57.18,22.33
17/11/2006,80.49,57.51,22.31
20/11/2006,81.4,57.91,22.7
21/11/2006,80.92,58.65,22.87
22/11/2006,81.6,58.14,23.35
24/11/2006,80.86,57.5,23.28
27/11/2006,81.1,57.63,23.34
28/11/2006,79.9,56.74,22.86
29/11/2006,80.6,57.13,22.98
30/11/2006,80.88,57.28,23.27
1/12/2006,81.55,56.69,23.45
4/12/2006,80.42,56.45,23.5
5/12/2006,79.65,57.4,23.8
6/12/2006,80.55,58.03,23.77
7/12/2006,79.77,58.28,23.35
8/12/2006,78.72,57.75,23.07
11/12/2006,78.76,58.12,23.21
12/12/2006,78.84,58.71,23
13/12/2006,79.5,60.56,22.93
14/12/2006,79.4,61.04,22.86
15/12/2006,79.67,60.91,22.88
18/12/2006,78.35,61.02,22.85
19/12/2006,78.27,60.2,22.29
20/12/2006,78.3,60.85,22.4
21/12/2006,79,60.89,22.2
22/12/2006,78.82,60.6,22.3
26/12/2006,78.16,60.1,22.12
27/12/2006,78.33,61,22.26
28/12/2006,78.5,61.19,22.19
29/12/2006,78.1,60.8,21.96
3/01/2007,77.53,60.5,22.07
4/01/2007,78.4,59.75,21.85
5/01/2007,77.89,59.24,21.9
8/01/2007,77.42,58.88,21.28
9/01/2007,78,59.25,20.19
10/01/2007,77.31,58.34,20.51
11/01/2007,78.05,58.55,20
12/01/2007,78.41,59.04,20.46
16/01/2007,79.48,59.14,20.36
17/01/2007,79.33,58.8,21
18/01/2007,78.71,59.97,21.03
19/01/2007,79.09,59.4,20.15
22/01/2007,79.25,59.05,20.95
23/01/2007,78.71,58.31,20.85
24/01/2007,78.85,60.09,20.87
25/01/2007,79.56,59.21,20.8
26/01/2007,78.97,58.65,20.7
29/01/2007,78.54,57.65,20.67
30/01/2007,74.92,58.31,21.05
31/01/2007,74.21,59.75,20.72
1/02/2007,74.75,57.88,20.73
2/02/2007,73.87,58.57,20.62
5/02/2007,74.08,58.89,21.5
6/02/2007,73.91,59.3,21.12
7/02/2007,74.3,59.64,21.82
8/02/2007,74.88,59.57,21.94
9/02/2007,74.64,59.05,22.4
12/02/2007,74.55,58.23,22.68
13/02/2007,76,58.52,22.2
14/02/2007,76.43,58.15,22.45
15/02/2007,76.9,58.35,22.3
16/02/2007,76.91,58.28,22.15
20/02/2007,76.5,58.5,22.36
21/02/2007,76.1,58.26,22.41
22/02/2007,76.25,58.6,22.51
23/02/2007,76.49,58.13,22.38
26/02/2007,76.45,57.64,22.46
27/02/2007,76.13,57.21,22.32
28/02/2007,74.25,55.88,21.11
1/03/2007,74,55.3,20.96
2/03/2007,73.25,55.56,20.99
5/03/2007,73.01,55.34,19.5
6/03/2007,73.62,55,20.14
7/03/2007,73.5,55.06,20.6
8/03/2007,74.03,55.18,21.11
9/03/2007,74.59,55.2,20.84
12/03/2007,74.61,54.9,20.55
13/03/2007,74.75,54.5,20.87
14/03/2007,74.78,53.21,20.65
15/03/2007,75.8,53.93,20.57
16/03/2007,76.23,55.29,20.7
19/03/2007,75.54,55.08,20.63
20/03/2007,76.49,55.51,20.89
21/03/2007,76.25,56.27,21.25
22/03/2007,77.09,56.42,21.7
23/03/2007,77.59,56.28,21.29
26/03/2007,77.66,56.75,21.44
27/03/2007,77.44,57.08,21.54
28/03/2007,76.74,57.32,21.53
29/03/2007,76.38,57.7,21.44
30/03/2007,75.98,57.3,21.71
2/04/2007,76.44,57,21.64
3/04/2007,76.53,57.21,22
4/04/2007,77.5,57.72,21.63
5/04/2007,77.03,57.12,21.65
9/04/2007,76.84,57.31,21.79
10/04/2007,76.88,57.53,22.29
11/04/2007,76.5,57.76,22.48
12/04/2007,76.29,57.42,22.11
13/04/2007,77.25,57.75,22.82
16/04/2007,76.91,58.5,22.25
17/04/2007,77,58.5,22.6
18/04/2007,77.34,58.45,22.49
19/04/2007,76.36,57.29,21.98
20/04/2007,77.96,58.62,22.92
23/04/2007,77.75,58.54,23.1
24/04/2007,77.14,59,22.78
25/04/2007,76.96,59.99,22.62
26/04/2007,80.31,59,22.68
27/04/2007,79.97,59.99,22.81
30/04/2007,81.56,60.38,22.5
1/05/2007,82.77,59.7,22.14
2/05/2007,83.4,59.95,22.92
3/05/2007,84.31,60.76,22.52
4/05/2007,83.9,60.37,22.26
7/05/2007,84.21,60.21,22.45
8/05/2007,84.42,60.4,22.41
9/05/2007,84.4,60.67,22.3
10/05/2007,85,61.31,22.54
11/05/2007,84.78,62.66,22.3
14/05/2007,85.3,62.13,22
15/05/2007,84.85,62.58,22.5
16/05/2007,86.48,62,23.74
17/05/2007,86.09,61.93,23.3
18/05/2007,86.93,61.5,23.74
21/05/2007,86.88,61.63,23.3
22/05/2007,87.06,62.12,23.65
23/05/2007,87.65,62.16,23.37
24/05/2007,87.62,61.39,23.84
25/05/2007,87.55,60.85,23.38
29/05/2007,87.17,61.57,23.2
30/05/2007,87.3,60.56,22.35
31/05/2007,87.93,60.21,23.74
1/06/2007,87.95,61.57,23.73
4/06/2007,88.43,61.22,23.34
5/06/2007,88.07,61.4,23.12
6/06/2007,87.47,61.51,22.67
7/06/2007,86.62,61.29,21.93
8/06/2007,84.88,60.54,21.09
11/06/2007,85.94,61.28,21.67
12/06/2007,85.3,62.22,21.51
13/06/2007,85.7,62.24,21.1
14/06/2007,87.07,62.28,21.19
15/06/2007,87.58,62.56,21.83
18/06/2007,87.68,62.62,22.21
19/06/2007,87.43,62.17,21.73
20/06/2007,87.97,62.97,21.77
21/06/2007,86.91,62.07,20.74
22/06/2007,86.56,61.9,21.7
25/06/2007,86.6,62.44,21.48
26/06/2007,86.49,62.91,21.91
27/06/2007,85.82,61.6,21.7
28/06/2007,87,61.38,21.92
29/06/2007,87.1,61.9,21.77
2/07/2007,87.29,63.1,21.96
3/07/2007,88,63.95,21.81
5/07/2007,87.68,63.97,22.4
6/07/2007,87.95,63,22.19
9/07/2007,87.97,62.56,22.48
10/07/2007,87.94,62.53,22.35
11/07/2007,87.22,60.79,21.9
12/07/2007,87.67,61.18,22.24
13/07/2007,89.58,61.73,21.97
16/07/2007,90.63,61.55,22.5
17/07/2007,91.44,61.62,22.18
18/07/2007,91.1,61.13,22.18
19/07/2007,91.8,61.33,22.65
20/07/2007,90.5,61.92,22.52
23/07/2007,90.61,60.76,22.64
24/07/2007,90.54,59.89,22.33
25/07/2007,90.24,59.5,21.42
26/07/2007,89.62,60.55,21.24
27/07/2007,90.4,58.31,20.54
30/07/2007,90.18,59.22,20
31/07/2007,89.46,59.76,20.23
1/08/2007,88.94,57.91,19.59
2/08/2007,89.06,58.78,20.05
3/08/2007,88.68,58.38,20.25
6/08/2007,87.7,55.15,18.86
7/08/2007,86.96,57.7,18.01
8/08/2007,87.9,60.19,18.5
9/08/2007,87.9,56.4,19.18
10/08/2007,86.36,56,18.96
13/08/2007,87.16,57.7,18.8
14/08/2007,86.27,56.63,19.45
15/08/2007,84.94,54.63,18.3
16/08/2007,83.21,53.78,17.99
17/08/2007,87,57.96,19.34
20/08/2007,87.55,57.8,18.42
21/08/2007,88.1,57.95,18.22
22/08/2007,88.52,59.1,18.24
23/08/2007,89.34,59.51,19.12
24/08/2007,88.5,58.58,18.8
27/08/2007,88.8,59.41,19.05
28/08/2007,88.59,58.38,18.24
29/08/2007,88.05,57.2,17.87
30/08/2007,88.4,57.16,17.89
31/08/2007,89.81,57.99,18.25
4/09/2007,90.96,57.57,18.13
5/09/2007,90.4,57.74,18.43
6/09/2007,90.26,57.47,18.45
7/09/2007,90.39,56.46,18.6
10/09/2007,89.13,56.58,18.3
11/09/2007,88.01,57.61,18.07
12/09/2007,88.56,57.34,17.94
13/09/2007,89.67,57.89,18.12
14/09/2007,88.66,57.75,17.97
17/09/2007,88.95,57.85,17.99
18/09/2007,89.25,58.84,18.22
19/09/2007,91.75,59.65,19.26
20/09/2007,91.23,59.7,19.2
21/09/2007,92.5,59.85,19.56
24/09/2007,91.6,59.45,19.5
25/09/2007,91.49,58.52,20.21
26/09/2007,92.17,58.97,20.34
27/09/2007,92.8,59,20.46
28/09/2007,93.98,59.6,20.44
1/10/2007,93.84,60.85,20.14
2/10/2007,94.35,60.88,20.64
3/10/2007,93.66,61.5,20.46
4/10/2007,94.5,62.23,20.38
5/10/2007,94.75,62.81,20.62
8/10/2007,95.75,62.01,20.78
9/10/2007,94.87,63,20.58
10/10/2007,95.12,63.2,21.22
11/10/2007,96.1,62.9,21.49
12/10/2007,94.67,61.79,21.45
15/10/2007,94.18,63.12,21.28
16/10/2007,94.43,62.36,21
17/10/2007,94.64,61.95,21.29
18/10/2007,94.28,60.59,20.79
19/10/2007,92.9,61.45,20.83
22/10/2007,85.35,58.6,20.22
23/10/2007,86.87,60.64,20.58
24/10/2007,85.92,60.6,20.09
25/10/2007,86.68,59.08,20.46
26/10/2007,86.48,59.9,20.53
29/10/2007,86.44,60.95,20.97
30/10/2007,85.95,61.46,21.1
31/10/2007,85.98,62.07,21.3
1/11/2007,86.07,59.84,20.92
2/11/2007,84.7,58.07,21.17
5/11/2007,84.94,57.49,21.45
6/11/2007,85.12,57.48,21.94
7/11/2007,85.3,57.6,22.23
8/11/2007,83.34,56.88,22
9/11/2007,79.98,56.37,21.7
12/11/2007,79.53,58.45,21.83
13/11/2007,80.05,58.83,21.29
14/11/2007,81.56,61.02,21.81
15/11/2007,80.05,58.99,21.95
16/11/2007,80.13,59.4,22.04
19/11/2007,81.22,57.68,21.67
20/11/2007,81.99,57.61,21.9
21/11/2007,81.6,56.5,21.67
23/11/2007,81.83,58.22,21.02
26/11/2007,82.92,58.9,21.12
27/11/2007,81.58,57.93,20.82
28/11/2007,82.57,59.27,21.04
29/11/2007,83.08,59.38,21.49
30/11/2007,84.44,59.5,21.87
3/12/2007,83.43,59.25,21.7
4/12/2007,81.88,59.5,21.57
5/12/2007,82.69,59.75,21.76
6/12/2007,83.73,59.6,21.98
7/12/2007,84.06,60.85,21.47
10/12/2007,86.26,60.89,21.96
11/12/2007,87.05,62.34,22.35
12/12/2007,88.1,61.53,22.23
13/12/2007,86.41,59.9,21.72
14/12/2007,86.12,60.93,21.79
17/12/2007,85.39,59.55,21.46
18/12/2007,86.21,61.57,21.4
19/12/2007,85.69,61.43,21.51
20/12/2007,84.79,60.5,21.67
21/12/2007,85.81,61.96,22.24
24/12/2007,85.52,61.61,21.85
26/12/2007,86.97,62.88,22.02
27/12/2007,86.1,62.54,22.05
28/12/2007,86.12,62.23,21.7
31/12/2007,84.65,61.57,21.63
2/01/2008,84.24,61.86,21.42
3/01/2008,82.82,61.3,21.14
4/01/2008,82,60.36,20.92
7/01/2008,82.1,61.23,21.3
8/01/2008,81.35,61.99,22.06
9/01/2008,80.2,60.73,21.97
10/01/2008,79.75,60.8,21.47
11/01/2008,79.63,61.15,21.33
14/01/2008,78.13,60.54,21.31
15/01/2008,78,60.6,21.02
16/01/2008,76.83,60.3,20.45
17/01/2008,77.38,60.25,19.47
18/01/2008,75.47,58.7,18.45
22/01/2008,72.07,55.04,17.32
23/01/2008,73.55,56.59,17.19
24/01/2008,76.4,60.33,18.23
25/01/2008,76.82,60.98,18.3
28/01/2008,76.02,57.95,18.28
29/01/2008,77.8,59.06,18.87
30/01/2008,77.82,58.59,18.64
31/01/2008,77.33,56.03,18.41
1/02/2008,79.79,58.04,18.95
4/02/2008,81.23,59.34,19.5
5/02/2008,79.31,58.33,19.33
6/02/2008,79.47,60,20
7/02/2008,78.6,58.56,19.42
8/02/2008,78.85,58.95,19.29
11/02/2008,78.38,57.05,19.06
12/02/2008,79.61,56.62,19.5
13/02/2008,79.55,57.08,19.33
14/02/2008,81.24,56.86,19.37
15/02/2008,80.14,56.61,19.29
19/02/2008,80.25,58.36,19.45
20/02/2008,79.32,57.2,19.15
21/02/2008,80.06,58.5,19.14
22/02/2008,79.32,57.13,18.78
25/02/2008,79.56,58.32,18.94
26/02/2008,80.6,58.26,19.3
27/02/2008,80.68,59,19.3
28/02/2008,80.06,59.46,18.79
29/02/2008,79.65,57.55,18.6
3/03/2008,78.16,56.03,17.69
4/03/2008,77.92,54.54,18.29
5/03/2008,78.91,54.45,18.54
6/03/2008,78.7,54.38,18.53
7/03/2008,77.41,54.18,17.94
10/03/2008,76.73,54.76,17.76
11/03/2008,77.3,55.3,17.86
12/03/2008,77.97,56.51,17.96
13/03/2008,77.49,53.49,17.33
14/03/2008,79.72,55.15,17.86
17/03/2008,75.64,53.12,17.11
18/03/2008,79.84,55.24,16.34
19/03/2008,81.24,57.52,16.61
20/03/2008,78.5,55.4,16
24/03/2008,78.15,58.15,16.18
25/03/2008,78.83,56.72,16.2
26/03/2008,78.73,55.65,16.06
27/03/2008,78.8,55.75,16.25
28/03/2008,78.39,55.02,16.39
31/03/2008,78.06,54.59,16.25
1/04/2008,79.61,54.41,16.76
2/04/2008,81.24,57.97,16.85
3/04/2008,80.59,57.45,16.87
4/04/2008,80.3,57.35,17.08
7/04/2008,80.95,57.21,17.21
8/04/2008,79.5,57.51,17.03
9/04/2008,79.99,57.1,17.34
10/04/2008,79.69,57.47,17.45
11/04/2008,78.8,56.15,17.01
14/04/2008,78.29,56.1,17.21
15/04/2008,78.61,57.09,17.26
16/04/2008,79.35,56.98,17.51
17/04/2008,80.57,57.7,17.85
18/04/2008,81.84,60,18.06
21/04/2008,83,58.7,17.94
22/04/2008,82.15,58.3,17.78
23/04/2008,81.52,58.5,17.66
24/04/2008,81.19,57.98,17.73
25/04/2008,78.85,59.4,17.83
28/04/2008,77.6,58.94,18.08
29/04/2008,77.19,58.75,18.1
30/04/2008,77,58.75,17.38
1/05/2008,76.94,59.67,17.39
2/05/2008,78.44,62.02,17.79
5/05/2008,78.62,60.82,18
6/05/2008,77.44,59.96,17.89
7/05/2008,77.95,61.33,17.9
8/05/2008,77.12,61.28,17.75
9/05/2008,75.99,59.34,18.45
12/05/2008,76.67,60.12,19.27
13/05/2008,77.72,61.21,19.64
14/05/2008,77.68,60.84,19.98
15/05/2008,77.7,60.81,19.92
16/05/2008,77.99,62.04,19.9
19/05/2008,78.66,61.53,19.82
20/05/2008,79.04,61.05,19.81
21/05/2008,77.51,60.19,19.43
22/05/2008,76.37,59.05,19.46
23/05/2008,76.24,59.55,19.5
27/05/2008,75.73,58.58,18.89
28/05/2008,76.34,59.55,18.95
29/05/2008,76.6,58.86,18.94
30/05/2008,76.91,60.25,19.34
2/06/2008,77.41,59.95,19.24
3/06/2008,76.5,59.74,19.22
4/06/2008,76.17,60.28,19.01
5/06/2008,76.59,61.47,19.67
6/06/2008,76.73,61.55,19.64
9/06/2008,75.32,61.28,19.27
10/06/2008,75.13,60.53,19.7
11/06/2008,76,60.52,19.5
12/06/2008,75.5,59.6,19.42
13/06/2008,76.19,60.53,19.44
16/06/2008,75.76,60.77,20.15
17/06/2008,75.44,60.66,20.16
18/06/2008,74.64,58.65,20.17
19/06/2008,74.21,58.35,19.98
20/06/2008,74,58.31,20.12
23/06/2008,73.35,57.31,19.6
24/06/2008,72.84,56.38,19.53
25/06/2008,72.4,57.65,19.19
26/06/2008,72.29,56.42,18.87
27/06/2008,70.48,55.805,18.58
30/06/2008,69.48,55.22,18.79
1/07/2008,68.66,54.75,18.96
2/07/2008,70.18,55.3,19.27
3/07/2008,68.77,55,18.76
7/07/2008,69.89,54.95,18.81
8/07/2008,69.92,55.34,18.2
9/07/2008,70.1,53.74,18.03
10/07/2008,68.79,53.68,17.76
11/07/2008,68.27,50.33,17.3
14/07/2008,69.41,49.98,17.78
15/07/2008,68.61,49.51,17.09
16/07/2008,67.9,45.9,16.72
17/07/2008,69.22,48.32,16.2
18/07/2008,69.48,49.65,16.25
21/07/2008,69.36,47.78,16.87
22/07/2008,68.12,47.55,17.06
23/07/2008,70.47,48.5,17.08
24/07/2008,72.4,48.96,16.81
25/07/2008,71.53,49.05,16.18
28/07/2008,70.87,48.17,16.18
29/07/2008,69.77,47.43,16.45
30/07/2008,70.75,50.41,16.67
31/07/2008,70.84,49.75,17.09
1/08/2008,70.53,51.04,16.26
4/08/2008,70.03,50.53,15.55
5/08/2008,70.23,52.44,15.14
6/08/2008,71.75,53.43,15.82
7/08/2008,71.33,52.7,15.93
8/08/2008,71.14,51.99,16.86
11/08/2008,73.19,54.3,15.79
12/08/2008,74.54,54.64,15.97
13/08/2008,73.49,53.35,15.72
14/08/2008,72.55,53,15.5
15/08/2008,73.09,52.24,15.15
18/08/2008,73.59,52.38,15.39
19/08/2008,72.15,50.83,15.06
20/08/2008,71.24,49.72,15.2
21/08/2008,70.26,49.23,15.06
22/08/2008,70.91,50.89,15.49
25/08/2008,71.47,51.32,15.77
26/08/2008,70.47,50.61,15.01
27/08/2008,70.69,49.96,15.38
28/08/2008,71.01,51.65,15.49
29/08/2008,72.14,51.73,15.39
2/09/2008,72.38,53,15.35
3/09/2008,70.31,52.47,14.77
4/09/2008,70.23,51.6,14.73
5/09/2008,69.49,51.45,14.445
8/09/2008,70.13,53.9,14.74
9/09/2008,70.5,52.81,14.91
10/09/2008,69.97,51.95,13.34
11/09/2008,68.24,51.39,13.8
12/09/2008,69.85,51.08,13.46
15/09/2008,68.02,52.24,13.71
16/09/2008,68.47,54.13,12.72
17/09/2008,68.33,59,12.2
18/09/2008,69.51,56.63,11.34
19/09/2008,74.24,60.7,12.79
22/09/2008,72.78,64.55,13.3
23/09/2008,70.77,60,12.74
24/09/2008,69.41,58.07,12.75
25/09/2008,68.82,57.42,12.64
26/09/2008,68.8,58.87,12.9
29/09/2008,68.93,56.9,12.4
30/09/2008,67.28,54.22,11.48
1/10/2008,67.67,54.4,11.59
2/10/2008,66.91,53.9,11.2
3/10/2008,66.09,54.61,10.59
6/10/2008,63.1,51.25,9.7
7/10/2008,63.75,53.34,8.98
8/10/2008,59.46,47.88,9.09
9/10/2008,57.5,47.83,9.11
10/10/2008,51.83,36.99,8.21
13/10/2008,58.75,44.53,8.19
14/10/2008,61.96,45.61,9.87
15/10/2008,58.05,46.47,8.67
16/10/2008,54.76,44.49,8.14
17/10/2008,56.16,46.58,7.55
20/10/2008,57.67,46.92,8.25
21/10/2008,60.15,48.8,9.79
22/10/2008,59.25,47.94,9.6
23/10/2008,58.53,45.5,8.35
24/10/2008,58.36,44.24,7.7
27/10/2008,58.6,48.79,7.71
28/10/2008,61.09,46.47,7.5
29/10/2008,64.28,50.99,7.79
30/10/2008,64.49,58.38,7.77
31/10/2008,62.48,55.5,8.21
3/11/2008,63.56,58.57,7.8
4/11/2008,65.45,55.17,8.15
5/11/2008,64.64,54.78,7.55
6/11/2008,64.04,52.45,7.27
7/11/2008,62.92,51,6.84
10/11/2008,65.98,53.55,8.94
11/11/2008,63.87,50.7,7.56
12/11/2008,61.18,50.67,6.95
13/11/2008,59.23,49.79,7.42
14/11/2008,63.22,52.75,8.02
17/11/2008,62.33,52.11,8.12
18/11/2008,60.23,51.93,8.16
19/11/2008,61.83,47.93,7.99
20/11/2008,58.25,40.29,7.24
21/11/2008,57.78,40.08,7.1
24/11/2008,62,45.95,7.43
25/11/2008,64.34,47.5,7.7
26/11/2008,62.45,46.75,7.29
28/11/2008,65.18,48.76,7.45
1/12/2008,64.95,50.4,7.44
2/12/2008,60.7,44.99,7.1
3/12/2008,59.66,43.71,7.43
4/12/2008,60.13,46,7
5/12/2008,58.21,46.64,6.79
8/12/2008,59.01,52.05,6.59
9/12/2008,55.46,49.35,7.06
10/12/2008,56.91,47.76,7.24
11/12/2008,56.77,47.12,7.19
12/12/2008,54.27,45.57,6.89
15/12/2008,56.6,47.05,7.28
16/12/2008,55.57,48.31,7.06
17/12/2008,57.5,51.1,7.82
18/12/2008,58.9,53,7.54
19/12/2008,58,52.23,8.3
22/12/2008,56.53,52.75,7.9
23/12/2008,56.71,52.55,7.85
24/12/2008,55.61,52.07,7.63
26/12/2008,55.55,51.75,7.66
29/12/2008,55.55,51.72,7.76
30/12/2008,55.56,52.72,7.9
31/12/2008,57.23,52.39,8.1
2/01/2009,57.55,53.2,8.24
5/01/2009,58.79,52.89,8.67
6/01/2009,58.74,51.13,9.19
7/01/2009,58.61,50.69,9.28
8/01/2009,57.68,49.42,8.55
9/01/2009,58.8,48.28,9.29
12/01/2009,57.64,49.5,9.27
13/01/2009,56.85,46.65,8.95
14/01/2009,55.31,48.38,8.4
15/01/2009,55.08,47.48,8.12
16/01/2009,55.59,50.21,8.16
20/01/2009,56.42,48.79,8.51
21/01/2009,54.61,47.02,8.32
22/01/2009,53.65,46.15,8.13
23/01/2009,53.01,44.5,8.04
26/01/2009,53.54,43.38,8.28
27/01/2009,53.75,45.35,8.4
28/01/2009,54.45,47.24,8.88
29/01/2009,55.63,47.42,8.43
30/01/2009,56.59,45.09,8.27
2/02/2009,52.79,42.8,7.77
3/02/2009,51.25,43.28,8.02
4/02/2009,51.91,43.21,8.19
5/02/2009,50.55,44.04,8.28
6/02/2009,51.63,44.89,8.11
9/02/2009,52.46,44.26,8.65
10/02/2009,53.86,44.44,8.27
11/02/2009,51.76,42.75,8.01
12/02/2009,50.45,42.52,7.62
13/02/2009,50.6,44.21,7.86
17/02/2009,48.93,41,7.53
18/02/2009,47.26,41.1,7.25
19/02/2009,46.58,40.92,7.18
20/02/2009,46.84,40,7.15
23/02/2009,47.56,39.64,6.85
24/02/2009,45.73,37.14,6.44
25/02/2009,47.05,38.33,6.43
26/02/2009,47.21,38.76,6.59
27/02/2009,45.65,37.35,6.81
2/03/2009,44.62,35.4,6.14
3/03/2009,43.17,35.99,5.71
4/03/2009,43.88,34.25,5.35
5/03/2009,43.53,33.96,5.38
6/03/2009,42.84,32.07,4.98
9/03/2009,41.31,31.66,5.13
10/03/2009,42.1,31.85,5.06
11/03/2009,44.87,34.8,5.43
12/03/2009,47.05,33.5,5.56
13/03/2009,48.32,35.74,6.1
16/03/2009,48.48,37.42,6.22
17/03/2009,47.42,36.23,6.59
18/03/2009,48.27,37.99,6.37
19/03/2009,49.07,40.7,6.84
20/03/2009,47.36,37.68,6.64
23/03/2009,46.8,40.09,6.7
24/03/2009,48.45,39.31,6.69
25/03/2009,48.85,38.71,6.67
26/03/2009,49.35,39.2,6.36
27/03/2009,50.3,38.65,6.16
30/03/2009,49.72,38.52,6.14
31/03/2009,49.11,37.66,5.75
1/04/2009,48.95,40.14,5.73
2/04/2009,51.59,41.455,6.11
3/04/2009,52.23,42.15,6.25
6/04/2009,52,42.59,6.19
7/04/2009,51.51,42.85,6.17
8/04/2009,50.93,43.4,6.16
9/04/2009,52.61,45.45,6.67
13/04/2009,52.78,45.14,6.74
14/04/2009,52.93,47.11,6.48
15/04/2009,52.78,44.25,6.49
16/04/2009,53.85,45.85,6.64
17/04/2009,55.03,46.11,6.8
20/04/2009,53.39,44.89,6.82
21/04/2009,52.26,43.53,6.65
22/04/2009,52.62,45.4,6.75
23/04/2009,53.24,43.55,6.66
24/04/2009,54.26,44.4,6.79
27/04/2009,56.45,43.42,6.8
28/04/2009,56.8,44.19,6.52
29/04/2009,57,46.26,6.63
30/04/2009,58.18,48.16,6.86
1/05/2009,57.56,46.31,7.09
4/05/2009,57.89,46.27,7.68
5/05/2009,58.42,46.65,8.02
6/05/2009,58.74,45.22,8.29
7/05/2009,59.01,45.57,8.33
8/05/2009,59.21,43.74,8.39
11/05/2009,59.41,42.56,9.48
12/05/2009,59.42,41.98,9.04
13/05/2009,58.39,42.35,8.84
14/05/2009,57.17,41.91,8.37
15/05/2009,57.76,43.63,9.04
18/05/2009,58.3,43.6,8.67
19/05/2009,59.07,44.63,9.11
20/05/2009,59.1,44.56,9.46
21/05/2009,57.45,42.04,8.73
22/05/2009,56.82,43.71,8.59
26/05/2009,55.95,43.64,8.67
27/05/2009,57.91,45,9.01
28/05/2009,56.24,44.11,8.99
29/05/2009,56.69,44.5,9.57
1/06/2009,57.9,44.49,10.19
2/06/2009,59.24,44.06,10.66
3/06/2009,59.56,45,10.4
4/06/2009,59.59,45.69,10.12
5/06/2009,60.6,46.63,10.7
8/06/2009,60.97,45.55,10.33
9/06/2009,60.6,46.5,10.3
10/06/2009,60.62,46.18,10.18
11/06/2009,60.57,45.67,10.17
12/06/2009,60.37,45.51,10.36
15/06/2009,60.4,44.54,10.66
16/06/2009,59.41,44.3,10.14
17/06/2009,58.59,43.36,9.97
18/06/2009,58.89,42.72,9.68
19/06/2009,59.48,42.95,9.7
22/06/2009,58.62,42.54,9.6
23/06/2009,57.74,42.54,9.14
24/06/2009,57.46,43.18,10.14
25/06/2009,57.35,43.56,10.54
26/06/2009,58.81,44.5,11.04
29/06/2009,59.36,44.12,10.95
30/06/2009,59.94,43.71,11.44
1/07/2009,60.31,44.32,11.66
2/07/2009,59.9,44.75,11.6
6/07/2009,59.87,42.82,11.21
7/07/2009,61.09,43.9,11.12
8/07/2009,58.87,42.63,10.95
9/07/2009,59.28,41.92,11.06
10/07/2009,58.68,41.39,11.04
13/07/2009,59.83,42.33,11.19
14/07/2009,60.47,43.35,11.46
15/07/2009,61.2,43.94,11.69
16/07/2009,61.91,44.4,12.01
17/07/2009,63.14,45.13,12.06
20/07/2009,63.62,44.4,12.07
21/07/2009,64.44,43.9,12.42
22/07/2009,64.26,44.99,12.15
23/07/2009,66.58,46.13,11.97
24/07/2009,69.4,47,12.51
27/07/2009,69.39,48.58,12.76
28/07/2009,69.65,47.5,12.84
29/07/2009,69.33,48.75,12.39
30/07/2009,69.73,48.35,12.36
31/07/2009,70.19,47.1,12.76
3/08/2009,71.8,49.4,13.03
4/08/2009,71.71,49.63,13.12
5/08/2009,72.35,50.61,13.18
6/08/2009,71.97,50.16,13.07
7/08/2009,72.68,50.99,13.96
10/08/2009,72.59,50.51,13.83
11/08/2009,70.84,49.16,13.84
12/08/2009,71.38,49.38,13.34
13/08/2009,72.28,50.48,13.98
14/08/2009,72.35,50.27,13.88
17/08/2009,70.49,48.34,13.43
18/08/2009,70.39,47.92,13.47
19/08/2009,69.35,48.13,13.58
20/08/2009,70.78,49.88,13.75
21/08/2009,72,50.99,14.04
24/08/2009,72.74,50.58,14.35
25/08/2009,72.62,50.31,14.46
26/08/2009,72.69,50.6,14
27/08/2009,71.48,51,14.22
28/08/2009,71.98,52.45,14.02
31/08/2009,71.45,51.81,13.82
1/09/2009,71.81,51.92,13.64
2/09/2009,70.48,49.985,13.13
3/09/2009,70.74,50.93,13.3
4/09/2009,70.98,52.09,13.31
8/09/2009,71.7,51.76,13.64
9/09/2009,71.61,51.69,13.84
10/09/2009,73.05,51.5,14.05
11/09/2009,74.41,51.35,14.12
14/09/2009,73.72,50.86,14.3
15/09/2009,74.63,51.19,14.88
16/09/2009,74.76,50.83,14.76
17/09/2009,75.34,51.96,15.01
18/09/2009,75.12,51.01,14.49
21/09/2009,73.91,49.55,14.38
22/09/2009,74.82,50.58,14.73
23/09/2009,75.12,49.62,15.07
24/09/2009,74.65,50.2,14.95
25/09/2009,74.04,49.9,14.51
28/09/2009,73.93,51.76,14.34
29/09/2009,74.78,52.81,14.97
30/09/2009,74.06,53.35,15.37
1/10/2009,73.56,53.36,14.77
2/10/2009,71.81,53.24,13.69
5/10/2009,71.94,53.84,13.87
6/10/2009,73.46,54.04,14.87
7/10/2009,73.54,54.41,14.76
8/10/2009,73.38,55.54,14.89
9/10/2009,74.46,54.73,14.83
12/10/2009,74.85,54.6,14.86
13/10/2009,74.8,53.98,14.87
14/10/2009,75.35,54.26,14.9
15/10/2009,76.2,54.47,15.02
16/10/2009,76.02,54.24,14.8
19/10/2009,76.27,55,14.85
20/10/2009,76.26,54.93,15.14
21/10/2009,75.73,54.89,14.9
22/10/2009,78,54.02,15.13
23/10/2009,78.42,54.75,15
26/10/2009,77.66,54.55,14.36
27/10/2009,76.99,53.46,13.81
28/10/2009,76.05,54.7,13.7
29/10/2009,74.68,52.13,12.98
30/10/2009,75.1,52.6,13.49
2/11/2009,73.86,51.46,13.06
3/11/2009,74.01,50.97,13.13
4/11/2009,74.68,51.56,13.41
5/11/2009,74.5,51.49,13.43
6/11/2009,74.87,50.69,13.74
9/11/2009,75.93,51.4,13.98
10/11/2009,77.04,52.78,13.79
11/11/2009,78.09,52.44,13.97
12/11/2009,77.91,51.99,13.5
13/11/2009,77.22,51.74,13.07
16/11/2009,77.55,51.71,13.56
17/11/2009,77.89,50.8,13.63
18/11/2009,78.06,51.22,13.25
19/11/2009,77.46,50.6,13.23
20/11/2009,77.12,49.97,12.79
23/11/2009,77.15,50.24,12.84
24/11/2009,77.53,49.695,12.81
25/11/2009,77.87,50.05,12.69
27/11/2009,76.12,48.74,12.67
30/11/2009,76.89,48.19,12.82
1/12/2009,77.85,49.33,12.83
2/12/2009,78.42,49.89,13.16
3/12/2009,78.4,49.92,13.07
4/12/2009,77.58,48.94,13.21
7/12/2009,77.91,49.76,13.38
8/12/2009,76.35,49.14,13.16
9/12/2009,78.25,49.17,12.9
10/12/2009,79.96,49.95,12.58
11/12/2009,80.58,50.43,12.71
14/12/2009,82.01,50.52,13.22
15/12/2009,82.1,49.72,13.32
16/12/2009,82.52,49.79,13.79
17/12/2009,81.39,49.09,13.82
18/12/2009,80.8,48.78,13.9
21/12/2009,81.03,48.85,13.82
22/12/2009,81.85,48.61,13.86
23/12/2009,81.96,49.51,13.7
24/12/2009,82.31,49.89,13.88
28/12/2009,82.78,50.1,13.9
29/12/2009,83.78,50.31,13.92
30/12/2009,84,50.1,13.66
31/12/2009,83.79,50.68,13.66
4/01/2010,83.09,50.4,13.38
5/01/2010,82.8,48.62,13.67
6/01/2010,83.88,48.2,13.45
7/01/2010,83.32,47.7,13.37
8/01/2010,83.69,47.76,13.39
11/01/2010,84.38,47.62,13.77
12/01/2010,83.58,48.21,13.8
13/01/2010,84.11,48.3,13.74
14/01/2010,83.74,48.09,14.02
15/01/2010,83.52,48.45,14.02
19/01/2010,83.82,48.09,14.03
20/01/2010,84.83,48.39,14
21/01/2010,84.6,48.87,13.73
22/01/2010,82.4,48.33,13.39
25/01/2010,82.33,48.19,13.19
26/01/2010,81.46,48.45,13.31
27/01/2010,81.33,48.4,13.07
28/01/2010,82.62,49.02,12.89
29/01/2010,81.35,48.82,12.79
1/02/2010,80.84,49.38,12.66
2/02/2010,80.7,49.15,12.88
3/02/2010,79.83,50.57,12.99
4/02/2010,81.13,49.48,12.77
5/02/2010,79.16,48.34,11.82
8/02/2010,78.48,48.42,11.8
9/02/2010,78.28,48.77,11.94
10/02/2010,78.8,48.69,12.15
11/02/2010,79.22,48.87,11.9
12/02/2010,79.14,48.51,11.79
16/02/2010,80.08,49.2,11.91
17/02/2010,80.42,49.85,11.93
18/02/2010,80.06,49.34,11.98
19/02/2010,81.14,50.07,11.95
22/02/2010,81.71,50.32,12.29
23/02/2010,80.41,50.52,11.96
24/02/2010,80,50.07,11.82
25/02/2010,79.16,49.98,11.62
26/02/2010,79.74,50.52,11.77
1/03/2010,80.57,50.02,11.74
2/03/2010,80.74,50.5,11.18
3/03/2010,81.16,50.38,11.41
4/03/2010,81.21,50.72,11.46
5/03/2010,81.345,50.92,11.4
8/03/2010,82.42,51.71,11.59
9/03/2010,81.15,51.54,11.41
10/03/2010,81.92,50.5,11.44
11/03/2010,81.26,49.71,11.24
12/03/2010,81.57,50.39,11.69
15/03/2010,81.16,49.97,11.66
16/03/2010,81.26,50.94,11.8
17/03/2010,81.93,51.44,11.94
18/03/2010,82.3,51.37,11.75
19/03/2010,83.8,51.69,11.65
22/03/2010,81.5,52.41,11.41
23/03/2010,82.1,52.52,11.25
24/03/2010,81.86,52.82,11.17
25/03/2010,82.01,53.24,11.04
26/03/2010,81.1,52.81,10.87
29/03/2010,81.24,52.77,10.91
30/03/2010,82.36,52.76,11.22
31/03/2010,84.05,52.59,10.96
1/04/2010,83.87,52.47,11.07
5/04/2010,84.22,52.45,11.37
6/04/2010,83.9,52.65,11.53
7/04/2010,84.11,52.57,11.78
8/04/2010,83.41,53.33,11.33
9/04/2010,82.97,53.55,11.31
12/04/2010,83.76,53.32,11.36
13/04/2010,83.04,52.93,11.28
14/04/2010,83.91,53.64,11.3
15/04/2010,84.14,53.6,11.63
16/04/2010,84.7,53.36,11.75
19/04/2010,83.61,52.23,11.48
20/04/2010,84.41,52.43,11.61
21/04/2010,85.44,52.74,11.89
22/04/2010,85.1,51.98,12.17
23/04/2010,86.18,51.96,12.36
26/04/2010,86.82,53.19,12.38
27/04/2010,89.92,52.4,12.12
28/04/2010,88.89,53.45,11.76
29/04/2010,88.94,52.66,11.74
30/04/2010,88.7,53.02,11.8
3/05/2010,89.19,53.21,11.64
4/05/2010,89.22,52.43,11.84
5/05/2010,87.04,51.6,11.31
6/05/2010,86.06,52.13,11.02
7/05/2010,83.66,50.5,10.56
10/05/2010,85.6,51.88,10.48
11/05/2010,85.18,50.87,10.56
12/05/2010,85.39,51.65,10.96
13/05/2010,86.06,53.44,11.05
14/05/2010,85.06,53.25,10.9
17/05/2010,84.88,53.03,10.69
18/05/2010,85.09,53.55,10.4
19/05/2010,83.34,52.74,9.92
20/05/2010,81.17,52.05,9.47
21/05/2010,78.42,49.57,9.07
24/05/2010,80.73,51.18,9.58
25/05/2010,78.7,48.32,9.08
26/05/2010,80,49.37,9.8
27/05/2010,80.41,49.01,10.08
28/05/2010,81.53,49.79,10.25
1/06/2010,78.72,49.13,10.08
2/06/2010,78.6,48.73,9.62
3/06/2010,79.29,49.31,9.82
4/06/2010,77.29,49.15,9.69
7/06/2010,76.16,48.68,9.61
8/06/2010,74.74,48.55,9.65
9/06/2010,75.47,49.49,9.78
10/06/2010,75.78,49.94,10.05
11/06/2010,76.66,50.14,10.21
14/06/2010,78.99,51.4,10.49
15/06/2010,79.09,51.44,10.51
16/06/2010,79.28,52.05,10.54
17/06/2010,81.34,52.02,10.76
18/06/2010,80.84,52.55,10.57
21/06/2010,81.96,53.89,10.67
22/06/2010,81.71,53.24,10.55
23/06/2010,80.23,53.18,10.17
24/06/2010,79.81,52.57,9.98
25/06/2010,78.53,53.14,9.75
28/06/2010,78.95,53.18,9.97
29/06/2010,78.72,52.79,9.63
30/06/2010,78.21,51.89,9.24
1/07/2010,79.06,51.5,9.2
2/07/2010,78.8,51.5,9.17
6/07/2010,78.45,51.46,9.26
7/07/2010,78.44,51.59,9
8/07/2010,81.12,52.02,10.06
9/07/2010,81.11,55.45,9.67
12/07/2010,81.87,54.6,10.17
13/07/2010,82.84,55.29,10.41
14/07/2010,83.13,55.81,10.16
15/07/2010,83.17,54.96,10.17
16/07/2010,82.71,54.55,10.11
19/07/2010,81.48,53.91,10.08
20/07/2010,80.48,52.75,9.9
21/07/2010,82.64,53.8,10.28
22/07/2010,84.73,52.98,10.16
23/07/2010,84.7,52.73,10.39
26/07/2010,86.5,52.55,10.43
27/07/2010,87.16,53,10.54
28/07/2010,86.44,53.52,10.63
29/07/2010,87.05,53.43,10.66
30/07/2010,85.5,52.68,10.22
2/08/2010,86.8,53.74,10.46
3/08/2010,86.98,53.09,10.69
4/08/2010,87.3,53.66,10.44
5/08/2010,87.31,54.11,10.45
6/08/2010,86.81,53.44,10.56
9/08/2010,87.73,53.54,10.7
10/08/2010,87.41,53.65,10.93
11/08/2010,85.9,53.57,10.96
12/08/2010,83.3,52.03,10.48
13/08/2010,83.9,52.16,10.52
16/08/2010,83.33,53.03,10.54
17/08/2010,82.94,53.96,10.77
18/08/2010,83.78,54.44,10.9
19/08/2010,83.33,54.17,10.85
20/08/2010,81,52.91,10.5
23/08/2010,81.01,53.8,10.47
24/08/2010,80.2,52.97,10.31
25/08/2010,80.01,52.92,10.26
26/08/2010,81.26,53.66,10.52
27/08/2010,80.12,53.74,10.51
30/08/2010,80.56,54.31,10.57
31/08/2010,79.56,53.35,10.35
1/09/2010,79.51,53.98,10.36
2/09/2010,81.44,54.73,10.7
3/09/2010,82.58,54.99,10.95
7/09/2010,83.23,54.98,11.02
8/09/2010,82.21,54.34,11.06
9/09/2010,83.92,55.57,11.15
10/09/2010,82.87,55.58,11.08
13/09/2010,84.56,56,11.17
14/09/2010,84.68,57,11.1
15/09/2010,84.47,57,11.15
16/09/2010,84.02,57.47,10.88
17/09/2010,85.3434,57.98,11.01
20/09/2010,86.26,57.95,10.88
21/09/2010,86.6522,58.9,11.36
22/09/2010,86.57,58.55,11.31
23/09/2010,85.86,57.36,11.12
24/09/2010,86.41,57.38,11.24
27/09/2010,86.86,57.87,11.35
28/09/2010,86.65,57.76,11.44
29/09/2010,86.66,57.79,11.37
30/09/2010,87.78,58.03,11.47
1/10/2010,87.38,58.68,11.44
4/10/2010,87.29,58.08,11.5
5/10/2010,87.31,58.36,11.55
6/10/2010,88.66,59.3,11.63
7/10/2010,89.86,59.3,11.8
8/10/2010,89.82,58.91,11.84
11/10/2010,89.48,58.87,12.04
12/10/2010,87.92,58.845,12.24
13/10/2010,88.13,59.75,12.38
14/10/2010,89.15,59.63,12.49
15/10/2010,89.75,59.96,12.45
18/10/2010,89.09,59.88,12.34
19/10/2010,88.75,59.96,12.25
20/10/2010,88.73,59.59,12.2
21/10/2010,89.87,60.8,12.3
22/10/2010,90.45,60.63,12.21
25/10/2010,90.63,60.72,12.46
26/10/2010,90.68,60.64,12.24
27/10/2010,89.99,60.74,11.95
28/10/2010,87.82,61,11.98
29/10/2010,85.01,59.83,11.94
1/11/2010,84.57,59.81,12.06
2/11/2010,84.81,60.62,12
3/11/2010,85.15,60.68,11.96
4/11/2010,86.29,61.17,11.96
5/11/2010,87.46,62.08,11.93
8/11/2010,85.8,61.73,11.75
9/11/2010,86.33,61.1,11.77
10/11/2010,85.3,60.17,11.63
11/11/2010,85.72,60.78,11.59
12/11/2010,86.02,60,11.63
15/11/2010,86.69,59.98,11.52
16/11/2010,85.71,59.84,11.5
17/11/2010,84.08,58.84,11.42
18/11/2010,84.84,59.55,11.61
19/11/2010,85.53,60.17,11.44
22/11/2010,84.66,60,11.21
23/11/2010,83.91,59.25,11.11
24/11/2010,84.49,59.09,10.94
26/11/2010,84.46,59.02,10.85
29/11/2010,83.7,58.49,10.83
30/11/2010,83.25,58.93,10.72
1/12/2010,85.42,59.31,10.95
2/12/2010,86.24,59.55,10.95
3/12/2010,86.055,59.69,11.16
6/12/2010,87,59.3,11.36
7/12/2010,86.68,59.58,11.62
8/12/2010,83.23,59.19,11.46
9/12/2010,84.98,59.58,11.44
10/12/2010,84.35,59.67,11.35
13/12/2010,84.54,60.52,11.46
14/12/2010,85.23,60.78,11.4
15/12/2010,85.84,60.44,11.25
16/12/2010,85.89,60.96,11.19
17/12/2010,86.39,61.48,11.32
20/12/2010,86.6,61.5,11.53
21/12/2010,87.52,61.06,11.76
22/12/2010,86.41,61.71,12.08
23/12/2010,86.79,61.92,12.35
27/12/2010,86.38,61.79,12.15
28/12/2010,87.01,62.14,12.18
29/12/2010,86.84,62.29,12.12
30/12/2010,86.78,62.23,12.12
31/12/2010,86.53,62.19,12.16
3/01/2011,86.75,62.73,12.34
4/01/2011,87,62.11,12.52
5/01/2011,86.29,62.01,12.51
6/01/2011,86.86,61.86,12.74
7/01/2011,86.55,61.53,12.99
10/01/2011,85.72,60.95,12.9
11/01/2011,87.33,60.69,13.03
12/01/2011,88.02,61.06,13.22
13/01/2011,88.47,60.75,12.94
14/01/2011,87.74,60.73,12.9
18/01/2011,87.84,60.87,12.95
19/01/2011,88.25,60.63,12.91
20/01/2011,87.86,60.35,12.75
21/01/2011,88.66,60,13.1
24/01/2011,89.21,60.37,12.92
25/01/2011,89.4,60.77,12.9
26/01/2011,88.58,62.28,12.76
27/01/2011,89.2,62.65,12.6
28/01/2011,89.43,63.18,12.65
31/01/2011,87.93,61.79,12.44
1/02/2011,88.02,62.2,12.49
2/02/2011,87.68,62.03,12.56
3/02/2011,87.82,61.98,12.5
4/02/2011,87.92,63.2,12.55
7/02/2011,88.17,62.68,12.43
8/02/2011,88.97,62.96,12.55
9/02/2011,89.67,63.94,12.34
10/02/2011,90.24,63.77,12.28
11/02/2011,90.34,63.63,12.38
14/02/2011,91.72,63.25,12.47
15/02/2011,91.52,62.32,12.51
16/02/2011,91.46,62.46,12.57
17/02/2011,92.14,62.67,12.47
18/02/2011,92.73,63.62,12.86
22/02/2011,92.73,65.03,12.71
23/02/2011,92.57,64.64,12.36
24/02/2011,90.43,64.02,12.23
25/02/2011,89.75,62.77,12.17
28/02/2011,91.9,63.24,12.3
1/03/2011,92.19,63.25,12.41
2/03/2011,90.24,62.41,12.73
3/03/2011,91.85,62.06,12.95
4/03/2011,92.71,62.62,13.12
7/03/2011,92.58,62.6,13.13
8/03/2011,92.37,62.32,12.98
9/03/2011,93.52,62.35,13.18
10/03/2011,92.32,61.75,13.2
11/03/2011,89.71,60.64,13.14
14/03/2011,91.21,60.75,12.97
15/03/2011,89.05,59.7,12.39
16/03/2011,89.06,59.99,12.5
17/03/2011,88.59,60.86,12.5
18/03/2011,89.72,61.29,12.88
21/03/2011,90.27,61.39,12.56
22/03/2011,90.96,62.02,12.66
23/03/2011,90.62,61.56,12.43
24/03/2011,92.61,62,12.5
25/03/2011,92.87,62.3,12.59
28/03/2011,92.42,62.54,12.75
29/03/2011,92.27,63.41,12.67
30/03/2011,92.84,64.23,12.91
31/03/2011,92.41,63.8,13.01
1/04/2011,93.53,65.1,13.06
4/04/2011,92.68,66,13.12
5/04/2011,93.51,66.38,12.95
6/04/2011,93.94,66.64,12.9
7/04/2011,93.51,66.14,13.18
8/04/2011,93.59,66.05,13.34
11/04/2011,93.59,65.72,13.3
12/04/2011,93.2,66.17,12.8
13/04/2011,93.07,66.79,12.68
14/04/2011,92.43,66,12.66
15/04/2011,92.89,65.88,12.78
18/04/2011,91.94,65.14,12.64
19/04/2011,91.65,65.08,12.54
20/04/2011,92.97,65.03,12.9
21/04/2011,94.09,64.82,12.94
25/04/2011,93.91,65.17,12.98
26/04/2011,95.01,65.3,12.96
27/04/2011,95.67,65.66,12.95
28/04/2011,96.11,66.32,12.98
29/04/2011,96.92,67.29,13.16
2/05/2011,97.58,67.74,13.3
3/05/2011,96.93,66.57,13.22
4/05/2011,96.55,67.66,13.22
5/05/2011,95.61,66.35,12.96
6/05/2011,95.73,67.37,13.1
9/05/2011,95.3,67.3,12.96
10/05/2011,96.24,67.48,13.23
11/05/2011,95.77,68.14,13.07
12/05/2011,95.18,67.53,12.79
13/05/2011,96.61,68.41,12.64
16/05/2011,95.54,67.63,12.45
17/05/2011,95.28,67.54,12.47
18/05/2011,93.72,68.54,12.4
19/05/2011,94.34,69.83,12.76
20/05/2011,94.55,69.16,13.06
23/05/2011,92.29,68.02,12.85
24/05/2011,92.92,67.93,12.57
25/05/2011,91.54,67.62,12.42
26/05/2011,92.65,67.33,12.8
27/05/2011,93.46,67.92,12.74
31/05/2011,94.05,69.14,12.88
1/06/2011,94.3308,68.72,12.93
2/06/2011,91.35,67.87,12.69
3/06/2011,90.19,67.62,12.36
6/06/2011,90.38,67.96,12.42
7/06/2011,90.86,67.53,12.34
8/06/2011,90.94,67.3,12.33
9/06/2011,91.36,66.43,12.35
10/06/2011,91.44,66.43,12.33
13/06/2011,91.14,66.2,12.33
14/06/2011,92.28,66.2,12.52
15/06/2011,91.7,65.32,12.23
16/06/2011,91.07,64.17,12.17
17/06/2011,92.3,65.07,12.3
20/06/2011,91.42,64.01,12.2
21/06/2011,92.81,64.78,12.35
22/06/2011,93.33,64.64,12.43
23/06/2011,92.04,64.13,12.17
24/06/2011,92.34,64.42,12.23
27/06/2011,91.08,63.82,12.18
28/06/2011,92.63,64.67,12.26
29/06/2011,93.42,65.05,12.48
30/06/2011,93.38,66.24,12.68
1/07/2011,94.83,65.68,12.73
5/07/2011,96.4,66.26,13.05
6/07/2011,96.12,65.3,12.85
7/07/2011,97.73,65.89,13.08
8/07/2011,97.12,65.46,13
11/07/2011,96.45,64.83,12.89
12/07/2011,97.11,64.25,12.67
13/07/2011,96.09,64.94,12.7
14/07/2011,94.82,65.32,12.68
15/07/2011,95.2,64.8,12.64
18/07/2011,95.1,64.41,12.43
19/07/2011,94.94,63.87,12.35
20/07/2011,94.83,63.93,12.56
21/07/2011,95.01,64.17,12.67
22/07/2011,96.09,66.25,12.81
25/07/2011,94.84,65.04,12.59
26/07/2011,91.92,65.36,12.9
27/07/2011,89.69,67.5,12.72
28/07/2011,88.19,67.84,12.69
29/07/2011,86.94,66.97,12.35
1/08/2011,87.98,67.71,12.39
2/08/2011,85.67,65.96,12.05
3/08/2011,85.56,66.4,11.71
4/08/2011,85.07,65.08,11.45
5/08/2011,83.44,65.1,11
8/08/2011,80.75,61.8,10.44
9/08/2011,80.23,60.16,9.69
10/08/2011,81,62.2,9.69
11/08/2011,78.69,60.02,9.71
12/08/2011,81.89,63.78,10.49
15/08/2011,82.66,63.32,10.6
16/08/2011,82.53,63.3,10.92
17/08/2011,82.19,63.56,10.97
18/08/2011,79.83,62.1,10.6
19/08/2011,76.65,60.48,10.31
22/08/2011,78.34,61.42,10.42
23/08/2011,77.17,60,10.22
24/08/2011,79.4,61.82,10.38
25/08/2011,80.45,63.32,10.69
26/08/2011,77.73,61.05,10.16
29/08/2011,81.3,63.22,10.56
30/08/2011,81.68,64.46,10.83
31/08/2011,82.7,64.63,10.77
1/09/2011,83.02,64.44,10.85
2/09/2011,80.02,62.51,10.43
6/09/2011,77.44,60.44,9.97
7/09/2011,79.36,62.46,10.74
8/09/2011,79.88,63.56,10.87
9/09/2011,78.06,63.07,10.49
12/09/2011,76.21,60.85,10.08
13/09/2011,78.28,62.06,10.43
14/09/2011,77.96,61.92,10.44
15/09/2011,80.18,62.18,10.7
16/09/2011,81.43,62.23,10.97
19/09/2011,79.57,61.88,10.87
20/09/2011,79.44,62.51,10.96
21/09/2011,79.33,63.05,10.69
22/09/2011,74.82,58.9,9.99
23/09/2011,72.64,58.98,9.8
26/09/2011,74.39,60.42,10.02
27/09/2011,76.37,62.06,10.33
28/09/2011,76.42,60.59,10.21
29/09/2011,74.97,61.18,10.19
30/09/2011,73.91,60.65,10.12
3/10/2011,71.13,60.35,9.68
4/10/2011,70.13,58.23,9.29
5/10/2011,71.74,59.74,9.47
6/10/2011,72.72,60.75,9.69
7/10/2011,75.2,61.97,10.21
10/10/2011,75.12,61.44,10.26
11/10/2011,76.55,62.02,10.26
12/10/2011,76.73,63.2,10.27
13/10/2011,78.27,62.11,10.36
14/10/2011,78.94,63.22,10.55
17/10/2011,78.63,62.68,10.48
18/10/2011,76.18,61.73,10.26
19/10/2011,78.26,64.19,10.71
20/10/2011,77.77,65.74,10.78
21/10/2011,79.38,68.72,10.95
24/10/2011,80.32,70.26,11.22
25/10/2011,76.88,69.37,11.16
26/10/2011,77.98,72.12,11.13
27/10/2011,79.51,71.51,11.29
28/10/2011,81.53,72.15,11.5
31/10/2011,79.88,71.6,11.49
1/11/2011,77.89,69.96,10.8
2/11/2011,77.39,71.13,11.12
3/11/2011,78.86,72.04,11.4
4/11/2011,78.97,71.69,11.97
7/11/2011,79.27,71.79,11.85
8/11/2011,80.29,72.43,11.95
9/11/2011,80.13,71.21,11.8
10/11/2011,80.31,70.91,11.62
11/11/2011,81.3,71.04,11.73
14/11/2011,81.56,70.81,11.64
15/11/2011,81.44,70.29,11.65
16/11/2011,81.29,69.34,11.65
17/11/2011,81.53,68.64,11.67
18/11/2011,80.7,67.48,11.61
21/11/2011,79.28,67.11,11.6
22/11/2011,77.63,66.31,11.44
23/11/2011,77.08,65.41,11.15
25/11/2011,75.55,64.27,11.07
28/11/2011,77.2,66.65,11.41
29/11/2011,78,66.28,11.66
30/11/2011,79.71,67.86,11.995
1/12/2011,81.25,69.36,12.01
2/12/2011,81.39,68.91,12.2
5/12/2011,81.33,69.19,12.13
6/12/2011,82.13,69.64,12.1
7/12/2011,82.03,69.71,11.99
8/12/2011,81.83,70.24,11.94
9/12/2011,80.92,69.18,11.6
12/12/2011,81.9,68.74,11.73
13/12/2011,81,68.98,11.81
14/12/2011,79.18,66.64,11.62
15/12/2011,79.43,67.98,11.68
16/12/2011,79.52,67.43,11.65
19/12/2011,79.02,66.68,11.59
20/12/2011,79.19,67.28,11.67
21/12/2011,80.43,68.13,11.69
22/12/2011,80.27,69.1,11.66
23/12/2011,81.24,70.21,11.83
27/12/2011,81.91,70.29,11.8
28/12/2011,82.22,70.55,11.94
29/12/2011,81.37,70.03,11.81
30/12/2011,82.23,70.67,11.85
3/01/2012,83.76,71.21,12.03
4/01/2012,83.13,69.96,12.05
5/01/2012,83.53,69.28,12.02
6/01/2012,83.78,69.99,12.28
9/01/2012,83.58,70,12.23
10/01/2012,84.59,70.61,12.6
11/01/2012,83.24,70.36,12.68
12/01/2012,84.37,70.02,12.71
13/01/2012,83.75,69.38,12.47
17/01/2012,84.85,70.48,12.77
18/01/2012,84.14,69.85,12.83
19/01/2012,85.1,70.28,12.84
20/01/2012,85.45,71.08,12.92
23/01/2012,85.7,72.48,13.04
24/01/2012,85.26,71.23,12.87
25/01/2012,85.3,70.7699,12.71
26/01/2012,87.51,71.75,13.15
27/01/2012,87.15,70.72,12.9
30/01/2012,86.5,69.02,12.71
31/01/2012,87.88,69.4,12.86
1/02/2012,87.52,71.14,12.84
2/02/2012,87.25,72.67,12.97
3/02/2012,88.08,72.82,13.14
6/02/2012,87.15,73.58,12.87
7/02/2012,87.32,72.48,12.71
8/02/2012,88.12,74.19,12.88
9/02/2012,87.54,73.52,13
10/02/2012,87.2,72.71,12.88
13/02/2012,87.57,73.62,13.06
14/02/2012,87.6,73.74,13.17
15/02/2012,87.42,73.9,13.5
16/02/2012,86.99,73.06,13.47
17/02/2012,87.99,73.55,13.81
21/02/2012,87.74,73.77,13.71
22/02/2012,87.65,73.97,13.79
23/02/2012,87.88,72.87,13.82
24/02/2012,88.04,73.6,13.75
27/02/2012,87.41,72.51,13.76
28/02/2012,87.83,73.01,13.74
29/02/2012,88.14,72.11,13.52
1/03/2012,87.72,71.58,13.46
2/03/2012,87.47,72.23,13.51
5/03/2012,87.4,72.15,13.41
6/03/2012,85.72,72.11,13.24
7/03/2012,85.24,71.62,12.93
8/03/2012,86.06,71.95,13.14
9/03/2012,86.81,71.47,13.27
12/03/2012,87.1,71.61,13.23
13/03/2012,87.76,72.57,13.37
14/03/2012,88.6,72.2,13.3
15/03/2012,89,73.15,13.05
16/03/2012,89.88,73.32,13.16
19/03/2012,89.52,71.95,13.17
20/03/2012,89.17,73,13.02
21/03/2012,89.42,74.16,13.13
22/03/2012,88.5,73.16,12.98
23/03/2012,88.63,72.85,12.93
26/03/2012,88.92,73.16,13.03
27/03/2012,89.38,74.09,13.15
28/03/2012,89.29,73.23,13.13
29/03/2012,87.88,72.87,12.9
30/03/2012,89.22,73.47,13.13
2/04/2012,88.79,73.26,13
3/04/2012,89.22,73.99,13.07
4/04/2012,87.98,72.83,13.06
5/04/2012,87.36,73.11,13.11
9/04/2012,86.24,72.45,12.7
10/04/2012,86.19,72.14,12.79
11/04/2012,85.36,72.33,12.62
12/04/2012,85.71,72.09,12.47
13/04/2012,86.49,72.84,12.59
16/04/2012,86.04,71.72,12.49
17/04/2012,86.7,72.86,12.56
18/04/2012,86.9,72.52,12.32
19/04/2012,87.19,72.67,12.27
20/04/2012,86.99,74.88,12.17
23/04/2012,86.52,74.7,12.13
24/04/2012,89.33,74.57,12.11
25/04/2012,88.98,75.6,12.25
26/04/2012,88.6,75.38,12.19
27/04/2012,89.41,77.19,12.47
30/04/2012,89.25,76.3,12.45
1/05/2012,89.13,76.57,12.48
2/05/2012,89.16,76.51,12.48
3/05/2012,89.5,77.35,12.31
4/05/2012,89.17,76.87,12.71
7/05/2012,87.7,75.93,12
8/05/2012,87.12,75.89,11.96
9/05/2012,86.635,73.56,11.87
10/05/2012,87.14,75.78,12.22
11/05/2012,86.47,75.36,12.33
14/05/2012,85.46,75.55,12.26
15/05/2012,85.95,75.32,12.2
16/05/2012,85.91,75.8,12.26
17/05/2012,85.56,75.23,12.15
18/05/2012,84.78,74.25,12.07
21/05/2012,83.88,72.31,12
22/05/2012,84.69,72.92,12.24
23/05/2012,83.37,72.21,12.3
24/05/2012,84.96,73.04,12.24
25/05/2012,84.87,73.14,12.35
29/05/2012,85.38,73.42,12.55
30/05/2012,85.06,72.97,12.49
31/05/2012,84.45,71.99,12.28
1/06/2012,83.05,71.37,11.88
4/06/2012,82.79,70.32,11.84
5/06/2012,82.59,69.86,11.78
6/06/2012,83.22,70.92,12.09
7/06/2012,85.59,73.17,12.58
8/06/2012,85.18,72.25,12.32
11/06/2012,86.54,73.34,12.66
12/06/2012,85.67,71.48,12.3
13/06/2012,86.3,71.74,12.23
14/06/2012,86.31,71.46,12.39
15/06/2012,87.57,72.99,12.63
18/06/2012,87.07,72.42,12.59
19/06/2012,87.82,72.64,12.61
20/06/2012,87.93,73.19,12.66
21/06/2012,88.04,73.39,12.43
22/06/2012,87.11,71.61,12.17
25/06/2012,85.87,71.32,11.91
26/06/2012,85.91,70.98,12.05
27/06/2012,86.39,71.51,12.23
28/06/2012,86.36,71.33,12.37
29/06/2012,88.62,73.85,12.83
2/07/2012,89.29,74.3,12.94
3/07/2012,89.11,74.23,12.72
5/07/2012,89.2,74.82,12.75
6/07/2012,88.81,72.78,12.7
9/07/2012,88.86,72.53,12.84
10/07/2012,89.08,72.42,12.77
11/07/2012,88.38,70.95,12.66
12/07/2012,86.6,69.96,12.64
13/07/2012,86.32,71.76,12.61
16/07/2012,88.12,72.51,12.69
17/07/2012,88.25,72.41,12.7
18/07/2012,88.75,71.65,12.62
19/07/2012,90.87,72.14,12.69
20/07/2012,90.18,71.16,12.71
23/07/2012,88.44,69.71,12.64
24/07/2012,89.28,70.05,12.39
25/07/2012,88.69,71.2,12.16
26/07/2012,90,73.02,11.97
27/07/2012,90.94,72.5,12.01
30/07/2012,91.41,73.3,12.02
31/07/2012,91,73.36,12.09
1/08/2012,91.65,73.66,12.12
2/08/2012,90.11,72.53,11.92
3/08/2012,91.03,73.46,12.24
6/08/2012,92,73.77,11.98
7/08/2012,91.7,73.79,11.68
8/08/2012,91.48,72.8,11.53
9/08/2012,91.5,73.17,11.7
10/08/2012,91.37,72.54,11.72
13/08/2012,92.29,72.49,11.73
14/08/2012,92.36,72.68,11.91
15/08/2012,92,72.37,11.72
16/08/2012,92.75,72.85,11.71
17/08/2012,93.93,73.5,11.79
20/08/2012,94,73.21,11.68
21/08/2012,93.98,74.12,11.66
22/08/2012,92.56,74.02,11.57
23/08/2012,92.65,74.22,11.65
24/08/2012,92.03,73.83,11.38
27/08/2012,92.92,74.3,11.51
28/08/2012,92.36,73.62,11.51
29/08/2012,92.5,73.9,11.45
30/08/2012,92.05,73.15,11.48
31/08/2012,92.44,73.9,11.44
4/09/2012,92.03,73.61,11.36
5/09/2012,91.92,74.71,11.29
6/09/2012,92.37,74.67,11.36
7/09/2012,93.38,75.39,11.39
10/09/2012,92.27,75.12,11.41
11/09/2012,90.73,74.56,11.45
12/09/2012,91.6,75.2,11.48
13/09/2012,90.92,75.44,11.31
14/09/2012,92.86,76.28,11.49
17/09/2012,93.66,76.92,11.53
18/09/2012,93.78,76.45,11.41
19/09/2012,92.88,76.88,11.18
20/09/2012,93.2,75.76,11.09
21/09/2012,94.06,76.69,11.22
24/09/2012,92.85,75.81,11.13
25/09/2012,93.95,76.38,11.25
26/09/2012,92.88,75.38,11.06
27/09/2012,92.89,75.51,10.97
28/09/2012,92.47,75.23,10.85
1/10/2012,92.9,75.82,10.96
2/10/2012,94.23,77.09,10.83
3/10/2012,93.81,77.29,10.92
4/10/2012,94.05,77.79,10.96
5/10/2012,94.74,78.18,11.02
8/10/2012,94.55,78.05,10.9
9/10/2012,95.29,78.06,10.83
10/10/2012,93.95,77.51,10.82
11/10/2012,93.86,77.82,10.69
12/10/2012,92.95,77.9,10.74
15/10/2012,92.71,77.32,10.6
16/10/2012,94.02,78.07,10.79
17/10/2012,94.94,78.88,10.92
18/10/2012,94.68,80.04,11.1
19/10/2012,94.61,81.64,11.1
22/10/2012,92.41,79.15,10.89
23/10/2012,89.67,79.7,10.7
24/10/2012,89.03,80.35,10.74
25/10/2012,88.57,79.99,10.55
26/10/2012,87.9,79.93,10.39
31/10/2012,88.03,78.8,10.51
1/11/2012,87.94,79.05,10.49
2/11/2012,89.61,78.51,10.57
5/11/2012,88.08,77.7,10.62
6/11/2012,89.95,77.92,10.37
7/11/2012,90.34,78.02,10.55
8/11/2012,89.11,77.93,10.08
9/11/2012,88.6,77.74,10.14
12/11/2012,88.96,77.93,10.13
13/11/2012,88.6,77.24,9.87
14/11/2012,89.17,76.87,9.76
15/11/2012,86.74,76.12,9.79
16/11/2012,88.12,76.75,9.74
19/11/2012,89.25,77.85,10.01
20/11/2012,89.08,78.2,9.94
21/11/2012,89.08,78.5,9.92
23/11/2012,89.29,79.05,10.14
26/11/2012,89.54,79.22,10.07
27/11/2012,90.19,77.58,10.22
28/11/2012,90.1,78.14,10.15
29/11/2012,91.35,79.22,10.44
30/11/2012,90.68,79.5,10.42
3/12/2012,91.41,79.38,10.76
4/12/2012,90.31,79.37,10.55
5/12/2012,90.3,79.56,10.7
6/12/2012,90.8,80.34,10.87
7/12/2012,91.24,80.76,10.84
10/12/2012,91.37,80.76,10.83
11/12/2012,92.65,80.93,10.73
12/12/2012,93.72,80.26,10.73
13/12/2012,92.95,80.54,10.72
14/12/2012,92,79.48,10.73
17/12/2012,92.39,80.02,10.76
18/12/2012,93.13,81.06,10.88
19/12/2012,93.92,81.65,11.08
20/12/2012,93.35,80.9,10.96
21/12/2012,92.78,81.35,10.94
24/12/2012,92.7,79.82,10.88
26/12/2012,93.35,80.14,10.82
27/12/2012,93.11,80.11,10.74
28/12/2012,91.98,79.11,10.56
31/12/2012,91.55,78.81,10.5
2/01/2013,94.19,81.2,10.89
3/01/2013,94.34,81.84,10.95
4/01/2013,94.79,82.23,10.99
7/01/2013,95.02,81.9,11.33
8/01/2013,95.17,81,10.81
9/01/2013,95.87,80.2,10.84
10/01/2013,96.71,81.03,10.95
11/01/2013,95.84,82.08,11.08
14/01/2013,96.4,82.64,11.1
15/01/2013,96.83,82.51,11
16/01/2013,97,83.1,10.94
17/01/2013,97.79,83.14,11
18/01/2013,98.42,83.01,11.1
22/01/2013,98.39,83.74,11.1
23/01/2013,98.97,84.51,11.28
24/01/2013,99.38,84.86,11.22
25/01/2013,99.79,85.62,11.1
28/01/2013,100.98,85.59,11.06
29/01/2013,100.33,84.58,10.85
30/01/2013,101.8,84.31,10.69
31/01/2013,100.69,84,10.89
1/02/2013,101.44,86.09,10.93
4/02/2013,100.77,84.97,11.09
5/02/2013,101.31,84.55,10.96
6/02/2013,101.13,85.15,10.95
7/02/2013,102.65,85.65,11.06
8/02/2013,102.34,85.1,11.12
11/02/2013,102.39,85.93,11.06
12/02/2013,102.66,86.34,11.23
13/02/2013,103.03,86.89,11.31
14/02/2013,102.43,86.13,11.31
15/02/2013,103.06,86.66,11.22
19/02/2013,103.42,86.71,11.17
20/02/2013,104.18,87.05,11.36
21/02/2013,102.88,85.94,11.35
22/02/2013,102.99,86.55,11.12
25/02/2013,103.91,86.85,11.27
26/02/2013,102.11,84.78,10.91
27/02/2013,102.1,84.74,11.07
28/02/2013,103.6,85.6,11.67
1/03/2013,103.39,85.14,11.56
4/03/2013,103.51,85.35,11.92
5/03/2013,103.76,86.14,12.04
6/03/2013,104.73,87.12,12.28
7/03/2013,104.8,86.68,12.35
8/03/2013,105,87,12.39
11/03/2013,105.33,86.9,12.3
12/03/2013,105.82,87.36,12.48
13/03/2013,105.13,87.98,12.52
14/03/2013,105.33,88.71,12.63
15/03/2013,105.9,88.78,12.52
18/03/2013,105.23,87.51,12.4
19/03/2013,105.83,87.77,12.46
20/03/2013,105.91,88.27,12.5
21/03/2013,105.39,88.06,12.63
22/03/2013,105.1,87.99,12.47
25/03/2013,106.53,88.64,12.49
26/03/2013,105.41,88.08,12.39
27/03/2013,105.35,87.84,12.33
28/03/2013,105.67,88.46,12.57
1/04/2013,106,89.1,12.57
2/04/2013,105.8,89.22,12.54
3/04/2013,106.6,89.02,12.52
4/04/2013,105.82,88.15,12.47
5/04/2013,104.45,88.12,12.37
8/04/2013,105.86,88.92,12.4
9/04/2013,106,90.5,12.64
10/04/2013,106.09,90.59,12.73
11/04/2013,107.86,91.21,12.87
12/04/2013,107.89,91.7,12.87
15/04/2013,107.15,91.76,13.07
16/04/2013,106.69,89.57,12.75
17/04/2013,105.47,89.43,12.78
18/04/2013,105.84,89.23,12.64
19/04/2013,105.31,88.24,12.53
22/04/2013,105.71,89.09,12.88
23/04/2013,106.24,90.47,13
24/04/2013,107.61,90.24,13.18
25/04/2013,104.46,89.88,13.26
26/04/2013,104.97,89.57,13.49
29/04/2013,103.91,89.09,13.5
30/04/2013,103.98,88.96,13.69
1/05/2013,104.78,88.78,13.86
2/05/2013,105.04,88.5,13.86
3/05/2013,106.96,89.42,13.91
6/05/2013,107.63,90.14,13.81
7/05/2013,107.61,90.7,13.83
8/05/2013,108.03,91.44,13.92
9/05/2013,108.11,92.2,13.79
10/05/2013,110.08,91.71,13
13/05/2013,109.99,91.42,13.24
14/05/2013,110.32,91.41,13.02
15/05/2013,110.4,92.45,13.14
16/05/2013,111.21,92.67,13.01
17/05/2013,111.16,92.42,12.88
20/05/2013,111.13,91.46,12.98
21/05/2013,112.11,90.95,12.93
22/05/2013,111.59,89.92,13.01
23/05/2013,110.06,89.06,12.75
24/05/2013,109.86,88.77,12.8
28/05/2013,111.15,90.63,12.75
29/05/2013,111.04,89.04,12.33
30/05/2013,111.34,89.46,12.4
31/05/2013,110.79,90.44,12.28
3/06/2013,110.7,89.65,12.2099
4/06/2013,110.65,88.56,12.31
5/06/2013,109.8,88.7,12.21
6/06/2013,108.46,87.88,12.06
7/06/2013,109.38,89.81,12.32
10/06/2013,111.41,89.92,12.51
11/06/2013,109.9,89.41,12.16
12/06/2013,110.99,89.8,12.4
13/06/2013,108.95,88.25,12.17
14/06/2013,111.3,89.68,12.41
17/06/2013,111.85,89.13,12.42
18/06/2013,112.07,89.63,12.28
19/06/2013,112.96,90.2,12.13
20/06/2013,110.71,87.71,11.63
21/06/2013,109.5,86.95,11.51
24/06/2013,108.784,85.45,11.3799
25/06/2013,108.2,86.26,11.51
26/06/2013,109.07,87.53,11.75
27/06/2013,110.54,88.77,11.97
28/06/2013,109.86,89.24,11.98
1/07/2013,108.37,89.87,12.11
2/07/2013,109.05,89.72,11.9
3/07/2013,108.28,88.64,11.7
5/07/2013,110.37,89.81,11.87
8/07/2013,112,90.34,11.89
9/07/2013,113.09,92.2,11.98
10/07/2013,113.38,92.25,12.01
11/07/2013,114.36,92.96,12.41
12/07/2013,114.57,92.28,12.5
15/07/2013,115.14,93.63,12.6
16/07/2013,114.99,93.84,12.84
17/07/2013,114.97,93.51,12.86
18/07/2013,114.61,94.35,12.74
19/07/2013,115.34,94.78,12.73
22/07/2013,116,94.5,12.82
23/07/2013,116.44,95.56,12.68
24/07/2013,117.07,93.82,12.72
25/07/2013,115.3,91.56,12.37
26/07/2013,116.17,92.16,12.38
29/07/2013,116.41,92.4,12.47
30/07/2013,116.9,92.16,12.45
31/07/2013,117.13,91.67,12.35
1/08/2013,118.38,92.17,12.53
2/08/2013,117.98,92.2,12.66
5/08/2013,118.17,91.93,12.57
6/08/2013,117.82,90.95,12.7
7/08/2013,117.3,89.99,12.68
8/08/2013,118.27,90.11,12.89
9/08/2013,118.73,89.82,13.11
12/08/2013,118,89.49,13.06
13/08/2013,118.52,89.87,13.11
14/08/2013,118.9,90.19,12.95
15/08/2013,116.92,89.64,12.9
16/08/2013,115.68,89.72,12.78
19/08/2013,115.83,89.27,12.59
20/08/2013,115.52,88.93,12.53
21/08/2013,114.79,89.22,12.65
22/08/2013,113.61,89.28,12.65
23/08/2013,114.76,90.59,12.95
26/08/2013,114.38,90.44,12.93
27/08/2013,113.41,88.78,12.79
28/08/2013,112.51,88.17,12.72
29/08/2013,112.87,87.86,12.86
30/08/2013,113.61,88.32,12.8
3/09/2013,114.57,88.69,12.87
4/09/2013,113.08,88.37,12.72
5/09/2013,114.35,88.18,12.59
6/09/2013,115.09,88.44,12.75
9/09/2013,115.63,88.38,13.1
10/09/2013,117.31,90.04,13.39
11/09/2013,117.63,89.95,13.58
12/09/2013,118.8,92.08,13.46
13/09/2013,118.49,91.4,13.37
16/09/2013,119.79,92.99,13.4009
17/09/2013,119.07,92.45,13.38
18/09/2013,120.25,92.92,13.29
19/09/2013,121.15,94.51,13.7
20/09/2013,121.5,95.44,13.58
23/09/2013,120.43,94.89,13.31
24/09/2013,121.24,94.12,13.53
25/09/2013,120.89,94.76,13.54
26/09/2013,120.6,95.2,13.52
27/09/2013,119.97,94.41,13.56
30/09/2013,119.39,93.35,13.39
1/10/2013,119.69,93.73,13.33
2/10/2013,119.13,93.69,13.35
3/10/2013,118.71,93.71,13.31
4/10/2013,118.37,92.29,13.27
7/10/2013,118.56,92.37,13.29
8/10/2013,118.72,92.53,13.37
9/10/2013,117.27,91.62,13.32
10/10/2013,118.6,91.87,13.31
11/10/2013,119.16,93.01,13.56
14/10/2013,120.26,93.67,13.63
15/10/2013,121.28,94.05,13.74
16/10/2013,120.86,94.28,13.61
17/10/2013,120.74,95.38,13.73
18/10/2013,122.87,96.53,14.1
21/10/2013,122.79,97.08,14.19
22/10/2013,123.36,97.98,14.28
23/10/2013,123.43,95.33,14.26
24/10/2013,122.96,96.78,14.07
25/10/2013,123.05,97,14.1
28/10/2013,124.13,96.07,14.31
29/10/2013,125.08,96.21,14.39
30/10/2013,125.57,96.65,14.33
31/10/2013,124.97,96.21,14.22
1/11/2013,126.76,95.44,14.08
4/11/2013,125.98,96.08,14.05
5/11/2013,125.75,96.4,14.04
6/11/2013,126.46,97.01,13.96
7/11/2013,127.15,97.55,14.09
8/11/2013,126.03,97.52,13.74
11/11/2013,127.54,98.37,14.19
12/11/2013,128.15,98.21,14.53
13/11/2013,127.86,96.2,14.78
14/11/2013,128.97,97.58,15.16
15/11/2013,129.15,98.3,15.17
18/11/2013,129.91,98.75,15.28
19/11/2013,130.02,98.27,14.97
20/11/2013,129.5,98.96,14.75
21/11/2013,129.69,98.29,14.7
22/11/2013,130.36,101.46,14.6
25/11/2013,131.8,102.91,14.67
26/11/2013,131.45,102.27,14.5
27/11/2013,132.63,102.66,14.5
29/11/2013,133.51,103.32,14.45
2/12/2013,131.67,102.59,14.57
3/12/2013,126.06,101.41,14.41
4/12/2013,125.95,101.22,14.83
5/12/2013,126.4,100.64,15.26
6/12/2013,128.19,101.08,14.88
9/12/2013,128.8,102.01,15.04
